source_file,treex_mean_iou,treex_mean_precision,treex_mean_recall,treex_detection_rate,RayExtract_mean_iou,RayExtract_mean_precision,RayExtract_mean_recall,RayExtract_detection_rate,TreeLearn_mean_iou,TreeLearn_mean_precision,TreeLearn_mean_recall,TreeLearn_detection_rate,TreeAIBox_mean_iou,TreeAIBox_mean_precision,TreeAIBox_mean_recall,TreeAIBox_detection_rate,SegmentAnyTree_mean_iou,SegmentAnyTree_mean_precision,SegmentAnyTree_mean_recall,SegmentAnyTree_detection_rate,ForestFormer3D_mean_iou,ForestFormer3D_mean_precision,ForestFormer3D_mean_recall,ForestFormer3D_detection_rate
Rem_Herby_2016_2202806.laz,0.8510498755651885,0.944545061026014,0.9610406140062144,0.9333333333333332,0.9447566071388824,0.9666306515088264,0.9764378495656127,1.0,0.7593052012872776,0.8744602256951236,0.8275122725959237,0.8666666666666667,0.9782013322687856,0.9798326205976104,0.9982871407901044,1.0,0.952350180356988,0.9789145090661728,0.9727149698332912,1.0,0.9632206790703028,0.9805815154993356,0.9818949402715096,1.0
Rem_Piensk_2016_2404602.laz,0.8595284782446269,0.9047249535230512,0.9482870024523284,1.0,0.9192779722951336,0.9602357264985554,0.9551929528289644,1.0,0.946203992623265,0.9509874091889028,0.9947580375531812,1.0,0.935435267816869,0.9483125552321858,0.9860716984229874,1.0,0.9207008683387836,0.95793163119554,0.9547057363208256,0.9523809523809524,0.9131273363061244,0.9265999601538067,0.9389608657020064,0.9523809523809524
Rem_Piensk_2016_2401002.laz,0.8586581605155251,0.9099486513247323,0.9640822941471254,0.9487179487179488,0.8608097457640398,0.9746647700648444,0.8816866286417956,1.0,0.9280819085433978,0.9335980577657564,0.9929627268122776,0.9743589743589745,0.9308413414213744,0.938765236616857,0.9915969403128092,1.0,0.8922383742104034,0.9279212622735444,0.962970584636104,0.9230769230769232,0.9270477951941662,0.9664035475525152,0.9839900736102052,0.9743589743589745
Rem_Piensk_2016_3102202.laz,0.8265191214062636,0.8970275347834301,0.9618892869996688,0.9545454545454546,0.8584922069217218,0.9070681296421038,0.943287388873698,1.0,0.880270352871761,0.9283922530997852,0.9921984390912002,0.9545454545454546,0.92814103551517,0.9427456732819725,0.9827915868306156,1.0,0.905758387116754,0.935437078099116,0.9666795937564282,1.0,0.92037977040053,0.9412551696023012,0.976291382693504,1.0
Rem_Gorlice_2015_6905203.laz,0.7923990785877612,0.9422434303868809,0.9792731892353884,0.8571428571428571,0.8782607152623993,0.950739267763501,0.9239519500022932,1.0,0.7512639406593324,0.8880535367870798,0.9866665419585646,0.8571428571428571,0.7992603654374305,0.9078625522921594,0.8876961261128395,0.8571428571428571,0.9612992861240132,0.976917473800971,0.9835806419242196,1.0,0.9389508489389602,0.9786898654986612,0.9570700048932864,1.0
Rem_Gorlice_2015_5705203.laz,0.7505328329837352,0.8488652715564082,0.9923974720202212,0.8888888888888888,0.9217371600018508,0.9670327054207604,0.9521818174188736,1.0,0.8854783917646079,0.947806795180315,0.9365164369831214,1.0,0.9238590428509412,0.9524881877479257,0.9702973622501224,1.0,0.8986513464126404,0.9612258371801764,0.9346474839503895,1.0,0.8109010405670607,0.9830213274907574,0.9283806452995856,0.8888888888888888
Rem_Herby_2016_2102406.laz,0.7529626509161504,0.8687194839713693,0.9332637717276286,0.8888888888888888,0.862712167955587,0.9104832422517588,0.9421997385819464,0.9629629629629628,0.9145293396080209,0.9338168661755436,0.9794710048067922,1.0,0.8949073632746344,0.9136302144430436,0.9679974425634772,0.9629629629629628,0.9343079682098412,0.9624270946923476,0.9697349354176568,1.0,0.9337572797506803,0.9597367885067328,0.9711368676196512,1.0
Rem_Herby_2016_0702506.laz,0.727131265288273,0.8328263518061003,0.9332327369651926,0.8484848484848485,0.879591765810427,0.919660006390596,0.953768339209324,0.9090909090909092,0.8611477771985614,0.8963444571349755,0.9888615645550534,0.9393939393939394,0.883778703293224,0.8950885398978191,0.9856655061905392,0.9696969696969696,0.9355520639472706,0.955366715150836,0.978618409111922,1.0,0.9086869427416332,0.9581663892646752,0.9774428634669118,0.9696969696969696
Rem_Piensk_2016_1702302.laz,0.8214033053586991,0.911373887566232,0.9545773365868424,0.8648648648648649,0.8585844949610973,0.9140474014207436,0.9407902196041884,0.918918918918919,0.8462560829962416,0.8921951481716037,0.9543581735132316,0.9210526315789472,0.8509054034823105,0.9020233824005088,0.9705985418677376,0.9473684210526316,0.8859679503159897,0.9521642329257284,0.9552957104360618,0.9473684210526316,0.889764159772065,0.9552828788722644,0.9823406611391168,0.9473684210526316
Rem_Piensk_2016_1601102.laz,0.7878623827436907,0.8631890799706187,0.9539282790490526,0.9166666666666666,0.7643818304513442,0.9423159560673994,0.803326928680903,0.9166666666666666,0.9236263059494044,0.9391029882341848,0.9841313534631696,1.0,0.9080935346657034,0.9250833041207462,0.9822601022758306,1.0,0.9311785530073488,0.953521625795492,0.97674608757066,1.0,0.890296311129844,0.9453123522259692,0.9819827963189908,0.9583333333333334
Rem_Piensk_2016_1700702.laz,0.7910846948821733,0.8846395032427508,0.8925462564988562,0.9565217391304348,0.8443931321243818,0.9493850374078242,0.8880912248394486,0.9782608695652174,0.8832683761582245,0.921867606694082,0.95352620618011,0.9782608695652174,0.906864784906658,0.9244683050504328,0.98021716194617,1.0,0.9070041447997774,0.9575276529390568,0.967732755440355,0.9782608695652174,0.9184383773785836,0.9601359804805374,0.9767870861385136,0.9782608695652174
Rem_Milicz_2015_2506201.laz,0.7699861978801308,0.879500784634194,0.8816125210480605,0.9444444444444444,0.7737376470737707,0.9149839867850944,0.8201644185064715,0.9166666666666666,0.9097583094367894,0.9263660744554848,0.9812072270777668,1.0,0.9207454021420808,0.937787421585476,0.981587891208904,1.0,0.9497319530679448,0.9709662531502208,0.9774938028052876,1.0,0.9208775526541848,0.9688878093912296,0.9770666947753992,0.9722222222222222
Rem_Herby_2016_1702406.laz,0.8458977466523038,0.910871578450932,0.9311408768880192,0.95,0.8607966111806163,0.9290192828393912,0.9279591206429666,0.95,0.869471619340372,0.9068030970627078,0.9364806768527842,0.925,0.9019754880583032,0.938023313596244,0.9616312404635448,0.975,0.8818613819231024,0.9413590388266336,0.9432265655812452,0.95,0.8870683854804051,0.9576008484255022,0.9497774771047424,0.95
Rem_Milicz_2015_2204901.laz,0.7966389846040969,0.8895157315447785,0.916771300658368,0.9473684210526316,0.8405375746673598,0.9356113007729367,0.8979113500733822,0.9473684210526316,0.8902191965881956,0.916756010759084,0.970401795953264,0.9736842105263158,0.8874096131152562,0.9067077843444648,0.9769342220998836,0.9736842105263158,0.9280197977521804,0.9509854081800356,0.9753908074963504,1.0,0.9022243084589888,0.9253039837704314,0.948507343840435,0.9736842105263158
Rem_Gorlice_2015_5905203.laz,0.6458550899027355,0.8925491125562517,0.9642533826596296,0.75,0.8583262551634129,0.8837945188975247,0.9685391926871194,1.0,0.8396378436662162,0.8487021130925156,0.9866574004744862,1.0,0.8235488178833329,0.8297638028234,0.9888906564360987,1.0,0.912990620413013,0.9194779717926898,0.9930756183725707,1.0,0.9582112512330688,0.9730539617510764,0.9845458327396824,1.0
Rem_Piensk_2016_1902802.laz,0.7712140491919731,0.8943553133008746,0.9604062548723924,0.8793103448275862,0.8744592943427008,0.9188448539818572,0.9511776692665964,0.9655172413793104,0.8306522498005899,0.8985995658884457,0.9515856899732807,0.9310344827586208,0.8558183996762568,0.9052955026755948,0.9463982675574568,0.9482758620689656,0.8833668317730836,0.914891960566848,0.9634667769711442,0.9482758620689656,0.902549953315881,0.9450869233638683,0.9707222938567948,0.9655172413793104
Rem_Herby_2017_1102006.laz,0.8151671061938252,0.8734500630428407,0.948183671387088,0.9117647058823528,0.8458121962796352,0.9059615573487716,0.9328204947064288,0.9705882352941176,0.8319379525602857,0.9156763421662528,0.9620495557056332,0.8823529411764706,0.8427784213350498,0.9001965222881496,0.9630260444381836,0.9411764705882352,0.8801459950569025,0.937910888122744,0.9671823128746668,0.9705882352941176,0.8696299330124293,0.9365027266417498,0.9407226904123572,0.9411764705882352
Rem_Milicz_2015_4302601.laz,0.8128344034412703,0.9103748918130964,0.8957353098481738,0.92,0.7632387370984866,0.9375347063235284,0.8127192841214772,0.8,0.8698060134779816,0.9112446296365349,0.9517034164823556,0.96,0.8552562050477968,0.8800297441908582,0.9738488270483342,1.0,0.9606087693867073,0.9722193732084272,0.9880581287690224,1.0,0.9203282934577344,0.966185115131346,0.991916395325126,0.96
Rem_Herby_2017_2503606.laz,0.8912033913518128,0.927330236279118,0.98099523173669,0.9787234042553192,0.8609725824778545,0.927202044470184,0.9255524296725016,1.0,0.8278872177988341,0.8763437033453898,0.9529971891121723,0.9166666666666666,0.823097616294418,0.889666959968369,0.9609865047473,0.9583333333333334,0.7783163054742359,0.8867929339563414,0.949896840245799,0.875,0.8757190596265124,0.9291373197959972,0.9434242199082749,0.9583333333333334
Rem_Piensk_2016_3203502.laz,0.7992538907343695,0.8594942058750443,0.967452499363619,0.9166666666666666,0.8489080060390113,0.8848149315066064,0.9538120507566772,0.9583333333333334,0.8760805960176605,0.8919096752034043,0.982627333893685,1.0,0.8447516050200624,0.8873214549628878,0.9492011671740362,1.0,0.9008644927274796,0.9293256727394438,0.9677063166606718,1.0,0.9115171089767974,0.9295088154522384,0.9801081548927696,1.0
Rem_Herby_2016_2502406.laz,0.7995178874863264,0.8969119668660293,0.934799011050257,0.9545454545454546,0.8673173674824386,0.91295818632922,0.946589711244744,1.0,0.7119731348627124,0.8869754965401867,0.9770811075211842,0.8181818181818182,0.7497156059767787,0.9019297237925168,0.919647490409454,0.8181818181818182,0.8826586205368083,0.9405748948127856,0.9326150491465328,0.9545454545454546,0.8659742765514973,0.9422136388371064,0.9614482460512483,0.9545454545454546
Rem_Piensk_2016_1602102.laz,0.7627328205889947,0.8783141005209737,0.913534818695928,0.9166666666666666,0.8307275204754943,0.9360473573567436,0.8863360399737223,1.0,0.8523839108976835,0.8940202302589318,0.9478441236204218,0.9722222222222222,0.8852686941434854,0.9155743862170732,0.9658893795632012,0.9722222222222222,0.8357529541700823,0.9178156120991116,0.9627669464324284,0.9444444444444444,0.8992216578131657,0.9465560195256044,0.9487645925862532,0.9722222222222222
Rem_Piensk_2016_2802402.laz,0.787318211500956,0.8847422445793447,0.9202188823566048,0.9230769230769232,0.8129770540974068,0.9102761119067778,0.8902069760054497,0.9230769230769232,0.8223931309320989,0.9274932884243312,0.9586349537312776,0.8846153846153846,0.7891988445710418,0.8871126256086822,0.923777932714198,0.8461538461538461,0.9082543084697184,0.9331500797833971,0.9626953277788022,0.9615384615384616,0.8959789802717508,0.9442905794668528,0.9835347848862864,0.9230769230769232
Rem_Gorlice_2015_6204103.laz,0.7719368617465466,0.8960554776717657,0.9627491774275896,0.8421052631578947,0.8829642795351105,0.9092279625076988,0.9692156567618896,1.0,0.7128209875947025,0.8073914502509915,0.8725515741454485,0.7894736842105263,0.8771136299467642,0.9003483460036015,0.9708190064957172,1.0,0.9095522699031968,0.9471282269284216,0.9599174424513282,1.0,0.8823538592546397,0.9231576475085292,0.957281450552262,1.0
Rem_Herby_2016_5901206.laz,0.7641601150806464,0.8616971696356787,0.9070765623164,0.9411764705882352,0.7495025813195242,0.9177903901964224,0.8108079821778881,0.9705882352941176,0.8595634319449409,0.8960184945776445,0.9859980371919456,0.9705882352941176,0.8709425188298825,0.9129062297851068,0.9826277868329544,0.9705882352941176,0.8875668624489563,0.933192233615931,0.9778338459096756,0.9705882352941176,0.8544651655170761,0.9211473669175368,0.9574766915038506,0.9117647058823528
Rem_Herby_2017_4102706.laz,0.7849778643507148,0.8352444419434816,0.9532312270569716,0.902439024390244,0.8507154346262883,0.8958134910754951,0.9439001380104868,0.975609756097561,0.8635507615260031,0.9020002827487908,0.9788687559478568,0.975609756097561,0.856655250299031,0.9015460275867576,0.9419092859454632,0.951219512195122,0.8751286818408507,0.91182860886723,0.9370125615580396,0.975609756097561,0.8874569727104653,0.9131445782826352,0.9509353320373256,0.975609756097561
Rem_Piensk_2016_3100602.laz,0.783717848631004,0.8580730038476412,0.9173043967355948,0.9558823529411764,0.8348179004379334,0.8895428655326367,0.934087132429246,1.0,0.8630444738382437,0.8893598221054706,0.9670944452257711,1.0,0.855072509385534,0.8886263639461632,0.9618324801875776,0.9852941176470588,0.8700003382110362,0.910309670378456,0.9682231449601738,0.9852941176470588,0.8862896500697203,0.9179168553816296,0.9635465666337294,1.0
Rem_Katrynka_2016_6302005.laz,0.8113416441420268,0.8616143903469686,0.9699339111962372,0.9411764705882352,0.7918142550992959,0.923189302814833,0.8479532050235815,0.9117647058823528,0.7746072557665634,0.8904241156633731,0.9137611064081048,0.8235294117647058,0.8668707568494712,0.90527724030659,0.956506681632226,0.9705882352941176,0.7932741247841509,0.9047438480323732,0.9925843653696405,0.8529411764705882,0.8615449106692854,0.9288583754076264,0.95715562860798,0.9117647058823528
Rem_Piensk_2016_2502602.laz,0.7922670221838597,0.8777659143154475,0.967478337487072,0.8813559322033898,0.8282447137833596,0.8786634496399733,0.9252352488155028,0.9491525423728814,0.7510019587826678,0.8559190212693453,0.9143931058012128,0.85,0.8257196001067837,0.8913476356200732,0.9427414549981088,0.9166666666666666,0.8137831053923068,0.9241244096087642,0.9598552550652782,0.8833333333333333,0.8414496023022761,0.9276205798296157,0.9673036079601394,0.9166666666666666
Rem_Herby_2017_3601406.laz,0.8467062575994627,0.9129681597333236,0.9636602513651223,0.92,0.7851984488961334,0.8761682799812281,0.8878350355754965,0.84,0.8153396340775714,0.9269029147664062,0.9518746182082226,0.92,0.8293513949568225,0.8849702739953313,0.9304284818923192,0.88,0.8462877927509177,0.924136128726338,0.9108085906103588,0.88,0.8589258187024087,0.9366203989446872,0.9162421847095992,0.92
Rem_Milicz_2015_4307201.laz,0.777631664193864,0.8757582940911603,0.9075711294457932,0.8478260869565217,0.7528456669654529,0.899587100427065,0.8138940257611328,0.8478260869565217,0.8527824990925115,0.907133387808978,0.982946356530868,0.9565217391304348,0.8287707389954285,0.8883825591442149,0.9547236768109284,0.9347826086956522,0.8429131445103353,0.9359927015205096,0.9402604891464996,0.9347826086956522,0.868423338307618,0.9600154047403272,0.943465927278332,0.9347826086956522
Rem_Piensk_2016_2504302.laz,0.6172855045320372,0.8403557173289423,0.914433638885582,0.7222222222222222,0.8234003567003859,0.8878432291165707,0.9076437028961076,0.9629629629629628,0.765677753617121,0.8946524030070997,0.904862388825714,0.8148148148148148,0.8723842302826733,0.9246666758890374,0.9603765886493558,0.9629629629629628,0.8715807427560686,0.9158650269976214,0.9275354420853382,0.9629629629629628,0.8822869345004499,0.9153903172006934,0.9273480159513264,0.9629629629629628
Rem_Piensk_2016_1802502.laz,0.6773174560983094,0.8309862977611998,0.9127706954453088,0.7719298245614035,0.7213161147910254,0.8439042139099054,0.8557893907794453,0.8245614035087719,0.829931157037363,0.9111532553143884,0.9593250902552354,0.9298245614035088,0.8254639368964554,0.9003434659312387,0.9638210651131596,0.8947368421052632,0.9004376622748809,0.9495002171292508,0.9635065433871908,0.9824561403508772,0.879104330531844,0.9369733379739188,0.9382994066876906,0.9649122807017544
Rem_Milicz_2015_3404601.laz,0.7291714414822127,0.8233689148352785,0.8947205198735266,0.7837837837837838,0.7332751549268967,0.8352082629647095,0.8443995377123441,0.8378378378378378,0.8845222627154581,0.9064959617135744,0.975175065601086,1.0,0.8663377168051857,0.879788763428197,0.9843708967721512,1.0,0.9132333121992712,0.9351130760823844,0.975999629618823,1.0,0.9040504018234384,0.9323360619491876,0.9687063476187132,1.0
Rem_Piensk_2016_3103402.laz,0.7713077429155383,0.8407790259039879,0.9344762094438148,0.9361702127659576,0.8148385063396165,0.8694082042938518,0.931387630709236,0.9787234042553192,0.8692366500879194,0.8899951920004604,0.9741931490370624,1.0,0.847770247965237,0.8743472472772206,0.9657810677263428,1.0,0.865985109315982,0.896237501115783,0.9632911279611478,1.0,0.8541277005803986,0.8839677135863784,0.9436336899327494,0.9787234042553192
Rem_Piensk_2016_0601402.laz,0.663268380511275,0.7870066398247292,0.8925326227005931,0.8333333333333334,0.8031809528673517,0.8670385612358478,0.9203315143187116,0.9666666666666668,0.8694653861259504,0.8915811621000368,0.9750875101936024,1.0,0.8619405234346605,0.8980661675940554,0.9570359200314004,1.0,0.8615668896754385,0.9249208554797352,0.9625695215997504,0.9666666666666668,0.8821983321078677,0.9104937973467584,0.9394806074340494,0.9666666666666668
Rem_Katrynka_2016_4301405.laz,0.6988079503281274,0.8285865804996202,0.9082145991589644,0.7857142857142857,0.6733566190389054,0.933834948689395,0.7052047556610851,0.8571428571428571,0.8110795766343257,0.9009595700859336,0.9638799422641282,0.9285714285714286,0.8986630783729151,0.9116450103436964,0.98539811469211,1.0,0.8920187572003765,0.9528826501046892,0.9339888331507824,0.9285714285714286,0.9303669233409398,0.9586087798516576,0.9696500058601106,1.0
Rem_Piensk_2016_1301202.laz,0.7052647395643383,0.8629816756070331,0.8887950718373799,0.8043478260869565,0.7539110341422962,0.8977892518775046,0.8365914337258277,0.8913043478260869,0.7721050815860133,0.901626998396294,0.9560843702354224,0.8695652173913043,0.7907902713449336,0.8980176382283601,0.9415287362120012,0.8913043478260869,0.8392931576365783,0.9219525809073011,0.9187396122302344,0.9347826086956522,0.8604877526672393,0.9307652358807942,0.9645905028848724,0.9565217391304348
Rem_Herby_2016_2302606.laz,0.7768795738038407,0.8311139587052173,0.8673703561011101,0.9166666666666666,0.8403378668845093,0.8959010065372818,0.9096703391705304,0.9583333333333334,0.8342791097826208,0.8906329812681254,0.9343718833381216,0.875,0.8518895353382826,0.8989546552847291,0.9447222023892944,0.9583333333333334,0.8793155968658121,0.9195259092506398,0.95062177188221,0.9583333333333334,0.838380335120676,0.8887906945633485,0.9091000022148368,0.9166666666666666
Rem_Herby_2016_6606306.laz,0.7627622461406024,0.844881627732295,0.9186007904761307,0.9111111111111112,0.7242120270239281,0.9147284888338671,0.7822875652806967,0.9111111111111112,0.8495969678130193,0.8891333557450768,0.97572623806243,0.9777777777777776,0.8361139777626525,0.8767338964198096,0.9730903447539618,0.9777777777777776,0.8586024416304259,0.8998538142352062,0.9724637044190462,0.9777777777777776,0.8662552196142835,0.9097781364594102,0.9713298895405434,0.9777777777777776
Rem_Katrynka_2016_5902605.laz,0.6691767422601718,0.7541496137634812,0.933908509814496,0.8235294117647058,0.715358742884086,0.8822949537176598,0.7940111560866703,0.8235294117647058,0.8818848355315823,0.9013742037862532,0.9767631699380652,1.0,0.8674361142917657,0.8880929447832511,0.9766895866949792,1.0,0.8855859343988342,0.9224468215601545,0.9594915548850408,1.0,0.926968776146645,0.9531233352016276,0.9712284679038824,1.0
Rem_Herby_2016_6508806.laz,0.67001999987326,0.785745718550248,0.8695864268222298,0.7631578947368421,0.7164192012797631,0.923950347560212,0.7697062132257603,0.9210526315789472,0.8503343461540821,0.8880588637350376,0.9772019588391396,0.9473684210526316,0.853948908125811,0.8885179518655321,0.9607088351936072,0.9473684210526316,0.9032603291210228,0.9229512589917362,0.9745668001694864,0.9736842105263158,0.8932974905602173,0.9339339781421896,0.981853506958138,0.9473684210526316
Rem_Herby_2016_2003206.laz,0.744970628516158,0.8167952581378282,0.9215088347391353,0.8918918918918919,0.8241940673531672,0.8692936672894312,0.9291849457323946,0.945945945945946,0.8159677566803576,0.8568589110678487,0.953659850786117,0.9054054054054054,0.8392914576611471,0.8624662553319973,0.96874524957875,0.9324324324324323,0.8498544772819054,0.892469313334227,0.9595581961723848,0.945945945945946,0.8484620522589226,0.8939463979501211,0.9435338677337466,0.9594594594594594
Rem_Herby_2016_6505806.laz,0.7005910855027486,0.8006874658115593,0.8938988330270541,0.8846153846153846,0.7455392500124378,0.9069062151741996,0.8101228304947465,0.9230769230769232,0.843127440807544,0.8750674803800675,0.961116341330722,0.9615384615384616,0.8566653946618421,0.8734498366669503,0.978650142795604,1.0,0.8564835187058559,0.9122974546749332,0.9738258399161258,0.9230769230769232,0.8714135395419478,0.9221756349313662,0.9812533234511168,0.9615384615384616
Rem_Piensk_2016_1401302.laz,0.7528463913667882,0.8515725926121602,0.9062473659462014,0.875,0.7832071572239776,0.875798334343228,0.8770403258901887,0.9204545454545454,0.767917398557499,0.832355340459905,0.91359751250381,0.8876404494382022,0.8607136135120718,0.8951706833491069,0.9711855035224668,0.9775280898876404,0.8449310646227475,0.8968941259869468,0.9731504000418488,0.9662921348314608,0.8560071432969515,0.894391383631636,0.9545984216717968,0.9775280898876404
Rem_Piensk_2016_2604602.laz,0.6641118132323774,0.7961186715599682,0.9505506014060316,0.7428571428571429,0.7982640033668426,0.8566050257321388,0.9000925776258386,0.8857142857142857,0.8473079802574149,0.8817971753068589,0.9481479303125164,0.9714285714285714,0.8133434513991249,0.8523870918325921,0.9433956775083636,0.9428571428571428,0.8117644701793862,0.8852645062725016,0.9681879332886144,0.8857142857142857,0.8404554646167571,0.8913104342331998,0.9432230858428722,0.9428571428571428
Rem_Herby_2016_6706006.laz,0.7487509891553784,0.8116116280109467,0.9137074308406878,0.9285714285714286,0.7184067904937621,0.9149017104633748,0.7735979345226657,0.9642857142857144,0.8343168693159069,0.8600267389839777,0.960341424838057,0.9642857142857144,0.8384500724463579,0.8696575244594286,0.9649374035825424,1.0,0.9110065611391976,0.9505016047779548,0.9573802568193176,1.0,0.8733689512319748,0.9410083016392394,0.960090933666523,0.9642857142857144
Rem_Piensk_2016_3100502.laz,0.748822260888136,0.8142972149719491,0.93664641601718,0.9285714285714286,0.8153008674931181,0.863917323902121,0.9369899349584614,0.988095238095238,0.7813807666997686,0.8450644776143756,0.9151504485826086,0.9166666666666666,0.854059316540115,0.8824728140265289,0.96523650329528,0.988095238095238,0.8081978197205915,0.8692252482648173,0.949788916278588,0.9523809523809524,0.8689793137959864,0.9023382721131464,0.9727717972559724,0.9761904761904762
Rem_Herby_2016_5000506.laz,0.7045140047407961,0.7868816211371845,0.9162275166978644,0.8214285714285714,0.6306922544586399,0.8905617130625822,0.6903050607605438,0.75,0.789023138521217,0.9024753991962412,0.9780977636174624,0.8928571428571429,0.8784935175119084,0.8989088640137914,0.97602997763205,1.0,0.9032017110621506,0.933035140241856,0.9666150195325022,1.0,0.8783751476693249,0.937647191790225,0.9709562234110328,0.9642857142857144
Rem_Piensk_2016_3203002.laz,0.6885068676296702,0.8029498675848338,0.9613788587682442,0.8260869565217391,0.7869410838782139,0.8560430470407681,0.9206629533962966,0.8913043478260869,0.7952981703496839,0.8651435686170257,0.9600896591087787,0.9130434782608696,0.7807570838655365,0.8220715978151943,0.9451018927188573,0.8695652173913043,0.8843328043729298,0.9008056387658824,0.9814207906366464,0.9782608695652174,0.8400744620241027,0.8911209634970884,0.9641731722177094,0.9347826086956522
Rem_Piensk_2016_2700402.laz,0.7439351539513038,0.8093751624379442,0.9296356058141028,0.8823529411764706,0.7444165547698405,0.8052563533620223,0.905679812276754,0.8588235294117647,0.7917724621351792,0.8483690592486258,0.9378031072740154,0.8823529411764706,0.8157326821736868,0.8781750387230797,0.970786286946909,0.9411764705882352,0.805851704017192,0.8551464016274753,0.9422082748678982,0.9176470588235294,0.8955115482264461,0.9155778054519176,0.9765039254805242,0.9882352941176472
Rem_Piensk_2016_2202902.laz,0.7102759069054807,0.8116089996065824,0.9467897789681676,0.8,0.7668129426695655,0.8179636807753298,0.8933614560224592,0.84,0.8226014583658349,0.8602011266342242,0.920073380716045,0.92,0.8647735056920769,0.8971508964127868,0.9253904753283836,0.96,0.7813778798605984,0.822370916800613,0.8723529196430155,0.88,0.9039133228473984,0.9300892713689716,0.9383026918700572,0.96
Rem_Herby_2017_2803006.laz,0.6295936676805679,0.8078042455607595,0.7862099028812191,0.7352941176470589,0.7279237085631126,0.870096888973359,0.8125997406923785,0.7941176470588235,0.7171309171276451,0.9021002769308232,0.9306924107535116,0.8529411764705882,0.7984423998607905,0.9333776444483272,0.9356730317058266,0.8823529411764706,0.8388569413676191,0.909822673160938,0.9460675816285964,0.9705882352941176,0.878943127047047,0.9450454619650812,0.9569961117325124,0.9705882352941176
Rem_Suprasl_2015_1602604.laz,0.6956183408063905,0.7445600004961165,0.9369019300379564,0.7857142857142857,0.7037935905370827,0.7749615632962995,0.8632885909047411,0.8214285714285714,0.8539536623461489,0.9027932270998876,0.9452363802679636,0.9642857142857144,0.8082238791022741,0.8587805280482408,0.9723749311255484,0.9642857142857144,0.8959258030651851,0.9234914726047804,0.9689171894906308,0.9642857142857144,0.9013674640750884,0.916764418836814,0.9472499705608451,0.9642857142857144
Rem_Katrynka_2016_6102605.laz,0.784229161816104,0.8580957999974416,0.9258483672642048,0.903846153846154,0.7267083857154888,0.9239122487750808,0.7832710870634649,0.8846153846153846,0.8152360400989392,0.8695974778134384,0.9474374614727458,0.9615384615384616,0.8259668001465271,0.8702152295933338,0.9471272597571492,0.9423076923076924,0.8306601518827605,0.8922038838561248,0.949376652854422,0.9423076923076924,0.8498865806611055,0.8919262316433958,0.9337544189460172,0.9230769230769232
Rem_Piensk_2016_2903502.laz,0.7057979511212047,0.7817770660810163,0.8892730889011342,0.8695652173913043,0.804479689219695,0.8628876448335316,0.9276709528604982,0.9565217391304348,0.8193060354452261,0.885117509457551,0.9364414033666963,0.9130434782608696,0.7999031419560194,0.8717150936305119,0.9007727578356532,0.8695652173913043,0.8193825935613294,0.8401230489466578,0.924317661108586,0.9130434782608696,0.8735420244518444,0.8923437295669069,0.9455373489967486,0.9565217391304348
Rem_Milicz_2015_4206701.laz,0.664962651533225,0.7922110957086702,0.905528401290524,0.8431372549019608,0.7159943051229075,0.8352073780214923,0.8561503775587302,0.8627450980392157,0.840061086931554,0.8641298314843098,0.9702948384587758,0.9803921568627452,0.8273482274368701,0.8545750557274052,0.966485851101158,1.0,0.8563805728451507,0.8977119384183657,0.9526733487603178,0.9803921568627452,0.8448276046269152,0.8936522080930545,0.9509038663822956,0.9607843137254902
Rem_Gorlice_2015_8004803.laz,0.6526783009738033,0.8093648659033656,0.8826001329325859,0.75,0.6403386419762584,0.7949755382760553,0.9446647285828964,0.75,0.8747181637457313,0.9034849285737764,0.9579668253458514,0.95,0.8378245274786267,0.8841123285101593,0.9457245310755308,1.0,0.8923667767305158,0.9277936711852492,0.9587035791795115,1.0,0.7659634770302041,0.8331009375601683,0.8163044940006505,0.85
Rem_Herby_2016_6105906.laz,0.7077847949060077,0.8266522979841022,0.8798661161049984,0.90625,0.7110267507785738,0.8771150943998717,0.7966567422352361,0.9375,0.8458360591839738,0.8657059404773579,0.9729942896759202,1.0,0.8310197590545593,0.8537262726171881,0.9705877823478312,1.0,0.8362026487418758,0.8737083446159605,0.956233667330912,0.96875,0.8478956671201395,0.8993681935078032,0.9706384501942996,0.96875
Rem_Milicz_2015_2705901.laz,0.6885633866112215,0.819472684362935,0.8595195448132144,0.8823529411764706,0.7062041558248866,0.8645253535883717,0.8146897413732925,0.8529411764705882,0.8467536643256165,0.8883325265501771,0.947995823932453,0.9705882352941176,0.8471217388420111,0.8883744105026583,0.950990284544056,0.9705882352941176,0.8800231863775562,0.911937759805204,0.9621780932482736,1.0,0.8368054924249531,0.8808886788923715,0.9249882960877592,0.9705882352941176
Rem_Piensk_2016_2202402.laz,0.7184824120920199,0.8302679273990318,0.909932551657056,0.8378378378378378,0.7586849848272856,0.8453790519301558,0.8732949648090337,0.8513513513513513,0.8220537181377977,0.8801975339064838,0.9412506900678864,0.9864864864864864,0.8269039378354909,0.8675910954768513,0.9455420289247944,0.9594594594594594,0.7383426030063152,0.850619639801861,0.9139960133959144,0.8513513513513513,0.8402113018806531,0.8984345612630192,0.9396623227716008,0.9594594594594594
Rem_Milicz_2015_2604401.laz,0.6925616929896017,0.8678321275478306,0.9375897111535192,0.8125,0.7026166042180958,0.8725488031029024,0.7572826854097552,0.875,0.7431833673252287,0.8508481716276445,0.9237572080339146,0.8125,0.7607286537914666,0.8854705450368444,0.8959448462699436,0.8125,0.8335871013677054,0.911413311735394,0.9353952663945112,0.875,0.8176356675967269,0.8895966425440057,0.9024236654236748,0.90625
Rem_Milicz_2015_2606301.laz,0.6912173027716255,0.8131479071017877,0.9625126509448956,0.72,0.7035806391338859,0.8765726130299205,0.7702369317798117,0.88,0.7913323578394107,0.8688674805268414,0.9894518911219042,0.88,0.776091871917751,0.8193281556641224,0.911747491035952,0.88,0.7933177725784587,0.8719314791688353,0.8645494160167285,0.88,0.8696791660356337,0.9288518779619134,0.9672820937216168,0.92
Rem_Piensk_2016_1804502.laz,0.61808288260843,0.7329905424442679,0.885750854863432,0.8125,0.8195744844783371,0.8809736150757156,0.925789672929414,1.0,0.8366240339924623,0.8836753681567158,0.9351629531459948,0.9375,0.7825630231504604,0.8161839776020082,0.9593048628546637,0.9375,0.8236951074275154,0.902170963107132,0.9136618351911426,0.9375,0.8644387908332378,0.907774958333158,0.9509602093609044,1.0
Rem_Herby_2016_6003406.laz,0.6478002137262071,0.8357276865928533,0.9651033858212924,0.8,0.7000568574397025,0.8915202579281708,0.7805098457937811,0.85,0.7226283661365787,0.8907753840706398,0.8885046501191864,0.85,0.6618584996051363,0.8340699927945768,0.8478917758929577,0.75,0.8057799426858324,0.9260408461780746,0.962837716448898,0.9,0.865749900941642,0.9132462110505412,0.9155261093559174,0.95
Rem_Milicz_2015_3806801.laz,0.7144867964993433,0.8040871506546058,0.8561138834178983,0.8,0.6971486954005442,0.8961485994653161,0.7715364059275492,0.8285714285714286,0.8102273604313817,0.884304919294787,0.9014197684580368,0.9142857142857144,0.8495732695718686,0.8859722879285522,0.9552010125294176,0.9714285714285714,0.8503739667516197,0.9167937387954512,0.9231920196702412,0.9142857142857144,0.8824747306076978,0.9240604291047484,0.9538561938535502,0.9428571428571428
Rem_Milicz_2015_2806501.laz,0.7175344126197635,0.8121260979993924,0.8819999511489838,0.8974358974358975,0.7337933560722448,0.8581691818360605,0.8432067524872691,0.9743589743589745,0.8316418016203284,0.8616902070419693,0.9617872215704644,0.9743589743589745,0.8107318221637985,0.8512800769522497,0.9504968176494734,0.9743589743589745,0.8510104696224828,0.8917370573049487,0.950220524898824,1.0,0.8369015942599006,0.8906685788400599,0.9355361925594116,1.0
Rem_Katrynka_2016_5501805.laz,0.7656833861379583,0.8401084715632924,0.9340390060980508,0.8620689655172413,0.7076230915841623,0.8962460482466201,0.7727106374752961,0.896551724137931,0.665487749809541,0.7510816404352538,0.8170650245330408,0.6551724137931034,0.8384216253287281,0.86288365638133,0.9659441426962756,0.9655172413793104,0.8667886399130397,0.9147966871224986,0.9801409979750528,0.9310344827586208,0.8655876341415201,0.93330204139698,0.957898768084716,0.896551724137931
Rem_Milicz_2015_2906401.laz,0.6534114881107256,0.7976411931496377,0.8553287694403965,0.8571428571428571,0.7274227610152755,0.8522897526291715,0.8457359390321779,0.9523809523809524,0.819106698020162,0.8587274332605725,0.9449431112294168,0.9285714285714286,0.8255429604991855,0.8595428709575371,0.9575172974607542,0.9761904761904762,0.8595456276899344,0.9038627154987215,0.9484084649214832,1.0,0.8621729486372196,0.9054363072903876,0.9492082009654516,1.0
Rem_Milicz_2015_3204501.laz,0.6838934980823702,0.8443511932909896,0.862776590812185,0.8351648351648352,0.6649897077414023,0.860296404118785,0.7915225706625272,0.8021978021978022,0.8156277298518654,0.8868847328947582,0.927407518452438,0.967032967032967,0.8408826538841583,0.8999172858531921,0.9428124318652062,0.967032967032967,0.7360817157649067,0.8544333374777263,0.9158761373218648,0.8461538461538461,0.8500176725110671,0.9169761436908872,0.9170872696011916,0.989010989010989
Rem_Herby_2016_2402406.laz,0.6913969338888043,0.7736720760286393,0.8767127123551453,0.75,0.7211935635657537,0.8015038636569535,0.8668144451477507,0.8333333333333334,0.6898661254386974,0.8590918995145442,0.9229251309425144,0.7916666666666666,0.6869022573818732,0.8277685944050568,0.9463215147436136,0.7916666666666666,0.8949964743468489,0.9145947694091088,0.9441105848706636,0.9583333333333334,0.8937441013903783,0.9437223559359044,0.9433425066660645,0.9583333333333334
Rem_Piensk_2016_0801702.laz,0.6998897742908674,0.8178573788452613,0.855338667408343,0.8918918918918919,0.7332267719332923,0.8405159078548734,0.84460634086167,0.945945945945946,0.8565690597434389,0.8869210010536571,0.9615103384457389,1.0,0.8319874079537964,0.8767285900247207,0.9450301493048412,0.972972972972973,0.7362493403787794,0.8651257168609781,0.9227496138915982,0.8648648648648649,0.8113171505108014,0.8892428422014608,0.9302833253157624,0.972972972972973
Rem_Piensk_2016_1701502.laz,0.5981079158650128,0.7843280924715011,0.8745426141130122,0.7586206896551724,0.7733557266389665,0.8556852351098934,0.9029204743856278,0.9655172413793104,0.766170803199177,0.8653919416614877,0.9473700395121136,0.9310344827586208,0.7511604311281082,0.857177579081649,0.93287538468059,0.8620689655172413,0.8526059461268654,0.903840820486878,0.940063537407062,1.0,0.8185288674076173,0.8669548104774091,0.9054265359734258,0.9310344827586208
Rem_Gorlice_2015_5805203.laz,0.6939745156799659,0.7987238422120742,0.972089579478224,0.8888888888888888,0.7070348361030229,0.8261805452061226,0.8623141211559064,0.8888888888888888,0.8585861381596852,0.8859859537973067,0.9654485916203454,1.0,0.8755791046008651,0.8993172036597588,0.9729611211609284,1.0,0.7572000755394267,0.8086916564704754,0.8398907324110336,0.8888888888888888,0.8205148790263568,0.8432749416073198,0.8628574882531362,0.8888888888888888
Rem_Herby_2016_4404106.laz,0.7023518228679395,0.826352740718124,0.9173215258168392,0.7407407407407407,0.6782805031775281,0.8998524322655429,0.7354200362894173,0.8518518518518519,0.8026825328816044,0.8508998005755535,0.9394328956230172,0.8888888888888888,0.7702248260158363,0.832271780615044,0.957566284450826,0.8888888888888888,0.7834493741161739,0.8942815049577266,0.8951717616540171,0.925925925925926,0.8851772615800961,0.9391875696777978,0.939691494886016,0.9629629629629628
Rem_Milicz_2015_2905401.laz,0.6622371584197536,0.7933592958068719,0.8352843546707013,0.8135593220338984,0.7009165156191427,0.8609938624534513,0.8133585609103215,0.847457627118644,0.8318155149086246,0.8715194973993058,0.9493486522247948,1.0,0.8298661025123435,0.8712647272218468,0.946664183256603,0.9830508474576272,0.8127690063610075,0.8881675778130682,0.942441355162934,0.9491525423728814,0.8417992974560409,0.8949644886674388,0.9214878967912086,0.9661016949152542
Rem_Piensk_2016_2801802.laz,0.7103779029093941,0.815118276033749,0.8963039812639302,0.7931034482758621,0.7201091328031344,0.8818061585606758,0.8056871569936065,0.8275862068965517,0.7584215398810076,0.843452974233133,0.8917350671545535,0.8275862068965517,0.7499631691269851,0.8560158427534412,0.9265005712022504,0.8620689655172413,0.8011488790848457,0.879696818868724,0.925887656619258,0.8620689655172413,0.8248952938246243,0.9062552961059556,0.9310535451336394,0.9310344827586208
Rem_Piensk_2016_1503502.laz,0.6193507762305793,0.7645685539815626,0.9591035469477376,0.7096774193548387,0.8226437211575254,0.9088792370486716,0.9010168618156044,0.9032258064516128,0.7439581861760928,0.8936836819225373,0.9184254313488804,0.8387096774193549,0.7259188101111602,0.8568729530733196,0.8503635172901638,0.8064516129032258,0.7879691884496834,0.8832801020186972,0.919033932740063,0.935483870967742,0.7893331757412912,0.8666904002355547,0.8644089414991954,0.8709677419354839
Rem_Gorlice_2015_4704303.laz,0.6671590306506524,0.8051747983245052,0.9108204259055508,0.8333333333333334,0.7510655459438309,0.84534330750495,0.9296194772483036,0.8333333333333334,0.7204046584072342,0.8172151659537666,0.8930736973775024,0.7777777777777778,0.706105738661907,0.8549706636217544,0.933107999685369,0.8333333333333334,0.7654860444094251,0.8735256088057574,0.924504146205533,0.8888888888888888,0.7967909244444104,0.8292768084331001,0.8766012589291595,0.8888888888888888
Rem_Milicz_2015_2406101.laz,0.6851335985643953,0.7841663714183034,0.8857032228373255,0.9302325581395348,0.7080520891725143,0.8415095932736807,0.8275720861276721,0.8837209302325582,0.7866400931199832,0.8325090081260178,0.9423608765502656,1.0,0.7953581755766406,0.8278869858928964,0.9586791063580576,0.9767441860465116,0.8490097305280789,0.8856061747883424,0.954071467599812,1.0,0.8217118269863601,0.881835980365858,0.94997089076699,0.9767441860465116
Rem_Katrynka_2016_5801605.laz,0.7378249991061654,0.8343626519664326,0.893225760146407,0.8977272727272727,0.7100669146902109,0.8921571741795428,0.7810357006581672,0.875,0.7355043257330518,0.799088461341237,0.8774573936511743,0.8409090909090909,0.8356745352220524,0.8739578588001158,0.9536097289240608,0.9318181818181818,0.7509603238420265,0.8551442370527308,0.9408597768531786,0.875,0.8024868953983095,0.8928690525985384,0.9390531046221422,0.8977272727272727
Rem_Piensk_2016_2600802.laz,0.7036790669096112,0.7972930073171113,0.900980888757465,0.8064516129032258,0.6826984301623822,0.799889946525489,0.8257471677551128,0.8064516129032258,0.7676157876542283,0.8539105429877227,0.9211508760101654,0.8709677419354839,0.8203287746650699,0.840603582037119,0.9718424276275496,0.935483870967742,0.80195282502978,0.8534788381035578,0.9235591700289248,0.9032258064516128,0.8268550049664859,0.8498814474654112,0.9231695706651728,0.9032258064516128
Rem_Herby_2016_6903106.laz,0.7057647120579765,0.8428662416013012,0.8421366846768987,0.8064516129032258,0.670692609610672,0.9106213820621164,0.725146556765227,0.8709677419354839,0.7496623364450424,0.8362803468984107,0.8942463314224927,0.8709677419354839,0.7377529639920916,0.8838301615857784,0.898307398959233,0.8709677419354839,0.7638445571774937,0.8901512107018511,0.928782670741352,0.8709677419354839,0.8525838834262035,0.9136012881745268,0.9367936625127732,0.935483870967742
Rem_Gorlice_2015_2603203.laz,0.6597315435969359,0.7900679348795814,0.8829413454674918,0.6923076923076923,0.7299473086451957,0.7774079841948445,0.902466933679996,0.6923076923076923,0.8378934311399698,0.907772109074666,0.9207427013309072,0.8461538461538461,0.7779415110841451,0.8720949603780953,0.8843433783218801,0.8461538461538461,0.8173679754374841,0.881101025729643,0.9181739319608944,0.9230769230769232,0.8448938616147555,0.8704825860565942,0.8957438448737262,0.9230769230769232
Rem_Piensk_2016_2100902.laz,0.6939864841735357,0.8034158018928135,0.8616521764707599,0.8688524590163934,0.6939704773361884,0.8431282870404292,0.799774599058189,0.8360655737704918,0.743908373093842,0.8442429946934121,0.9054006221553051,0.8852459016393442,0.8155425445763118,0.8513945430842862,0.9543978244149732,0.9344262295081968,0.8214671384529282,0.8696345614694645,0.9432236698088292,0.9672131147540984,0.8308615302944948,0.8832280067077249,0.9516612745471624,0.9344262295081968
Rem_Milicz_2015_4502801.laz,0.6742937862682973,0.7701221609917603,0.8886349632081907,0.8235294117647058,0.6521177934597355,0.8090353999770337,0.7697674036599971,0.7352941176470589,0.8204422340675727,0.8690122398302268,0.9697312569126376,0.9714285714285714,0.7077738478712705,0.7493649749401105,0.9671995731898724,0.9142857142857144,0.8365168911248709,0.9035317247908684,0.9503621160610194,0.9714285714285714,0.7887517708369111,0.9029074594210068,0.9530820293836932,0.9142857142857144
Rem_Milicz_2015_2804101.laz,0.7323891713022521,0.8326451115297515,0.8838637391116863,0.9065420560747663,0.7342624844397797,0.859279827941093,0.8459647559549112,0.9158878504672896,0.6979844770445276,0.7989343435130376,0.8612625837280354,0.8272727272727273,0.8119897968879675,0.8807285891343603,0.9434756720277429,0.9545454545454546,0.6675621127757987,0.8357476958617244,0.9339447903601162,0.8090909090909091,0.7425069511491764,0.8574924304304207,0.9179781651711818,0.8909090909090909
Rem_Herby_2016_4700406.laz,0.7023031155460979,0.8672668795628706,0.8578912422216388,0.8214285714285714,0.5801573961771517,0.9112988681802608,0.623436273402201,0.6785714285714286,0.7491221242746573,0.8861549923640818,0.9107275950649936,0.8928571428571429,0.7144517489032972,0.8515929963060974,0.8677382863304851,0.8214285714285714,0.8549425177948738,0.926253844019942,0.918976047815976,1.0,0.8717050642385498,0.9655090563188724,0.9332232416996477,0.9642857142857144
Rem_Suprasl_2015_2501204.laz,0.6091389884060959,0.6925976220834033,0.9213901579877964,0.75,0.7077672391834392,0.7760505791982147,0.9098058313845158,0.8541666666666666,0.761975742473652,0.8269751537406982,0.9785620550441784,0.8958333333333334,0.7668463857330385,0.8274581651228908,0.9391164223074092,0.8958333333333334,0.8524125442557186,0.8691437865158792,0.975994136249968,0.9791666666666666,0.8415662882404281,0.8589928685665522,0.9489601474718952,0.9583333333333334
Rem_Suprasl_2015_2202704.laz,0.550169759808943,0.806433231568892,0.8708401662852202,0.5384615384615384,0.6245224629069177,0.7942770659218847,0.7580425221061182,0.5769230769230769,0.4750247665403106,0.8400830273670554,0.8978753152746686,0.4230769230769231,0.5423172075831404,0.8504222655013078,0.860485613858453,0.5769230769230769,0.8712246660675798,0.9257189982594746,0.9770645771472156,0.9615384615384616,0.8561645433400504,0.907185622880314,0.9429954767476242,0.9230769230769232
Rem_Milicz_2015_1707601.laz,0.6074927756624289,0.7627963343859339,0.8198519161608541,0.6451612903225806,0.6995361611982661,0.8404307895227402,0.8170535678269666,0.8064516129032258,0.7928845415438895,0.86448361034778,0.9391415424061558,0.9375,0.7981996651276703,0.8654066685874519,0.9469068800818488,0.96875,0.7594330117749667,0.8427191919048428,0.9281860803217972,0.90625,0.7955856140699736,0.8889059667326745,0.9214626902515388,0.9375
Rem_Herby_2016_6305806.laz,0.6827082349029061,0.7531027058276769,0.8991859900741277,0.9047619047619048,0.5956353482324304,0.8512709211819333,0.6976646843582014,0.8571428571428571,0.8175926956678804,0.8820162978493946,0.9288315203612808,1.0,0.8035164649730886,0.8841125080182868,0.9066655936157074,0.9047619047619048,0.8158768248198454,0.8762518236329951,0.9252250517400336,0.9047619047619048,0.8200538066656716,0.881388340181325,0.9742613912525532,0.9047619047619048
Rem_Herby_2016_6101306.laz,0.661987453686196,0.7958201109433013,0.8415994835625112,0.7058823529411765,0.6544967934652387,0.8711578440855674,0.7574746853828855,0.8529411764705882,0.7969574198287805,0.8644841998360134,0.9430368337991732,0.9411764705882352,0.7759309497973479,0.8495587299394084,0.9175266747525384,0.9705882352941176,0.8282441350134898,0.8871967432726624,0.9332028794435496,1.0,0.8509605042218263,0.9110744004518722,0.9325689610366108,0.9705882352941176
Rem_Piensk_2016_1302002.laz,0.6439922838067903,0.7565522510555948,0.8893210830658558,0.8305084745762712,0.7284705444046756,0.814670805689551,0.8948830164062044,0.9152542372881356,0.8061633773661384,0.8459033097971631,0.951278910043647,0.9830508474576272,0.8012428175378288,0.8444122153799783,0.9476327519577544,1.0,0.7470509898207178,0.8276883713592555,0.9298948235058404,0.8983050847457628,0.7786048340503586,0.8455520555499523,0.905922568934937,0.9322033898305084
Rem_Katrynka_2016_3400805.laz,0.531404256398368,0.7223207418283649,0.8410461350146639,0.6521739130434783,0.4757505477024292,0.8669802059093943,0.6465280552900097,0.5217391304347826,0.5980908112026847,0.8523626265332548,0.8692762903161553,0.625,0.6861620714083889,0.8546750992818813,0.96069149612788,0.75,0.8681688073148948,0.9522384815383936,0.951789835188404,0.9583333333333334,0.8864384049133558,0.9477085281503944,0.9759508050569528,0.9583333333333334
Rem_Piensk_2016_0901202.laz,0.7465165368899793,0.8183230582040429,0.9192413556858606,0.9384615384615383,0.7521533626425849,0.8195865067435141,0.9107787274066196,0.9769230769230768,0.6734228082931905,0.7838566376583357,0.8561464145287359,0.7769230769230769,0.8007090148165369,0.8305638703019839,0.9591907436086294,0.9692307692307692,0.7208598470278886,0.795617255843696,0.9517470222123569,0.8846153846153846,0.7887132520307706,0.8319231060354005,0.9332987428431542,0.9153846153846154
Rem_Herby_2017_2702806.laz,0.6164743397735902,0.7843784412688789,0.8713878701707937,0.75,0.7009523162703626,0.8186177994621682,0.8184879704773754,0.84375,0.7371428425125378,0.8651947938618105,0.9038821904303238,0.84375,0.7327427086251287,0.846397942709725,0.8876629946399193,0.875,0.7931813675771717,0.859207183677688,0.9187757097321326,0.9375,0.8135498341471261,0.8694453777334814,0.9327851684197308,0.9375
Rem_Piensk_2016_2804302.laz,0.6655347149240243,0.7994455921685322,0.9613938130773896,0.7567567567567568,0.7764522814406913,0.8450498453328403,0.9098206416205012,0.972972972972973,0.73376295767731,0.8515406273957936,0.9199728840670868,0.8108108108108109,0.6924802067237661,0.7802468986308764,0.8709731740731217,0.8378378378378378,0.6382796510981352,0.757964019426864,0.9058721781860748,0.6756756756756757,0.8078523649644733,0.8616162663191738,0.931703793979632,0.918918918918919
Rem_Katrynka_2016_4902605.laz,0.5394084744541333,0.779419982590145,0.9380677568168384,0.7272727272727273,0.4642155502561765,0.8004664424813274,0.5691547030817687,0.3636363636363636,0.6927286363925956,0.7935914095141998,0.9599475679072658,0.9090909090909092,0.7699147050746629,0.7907748170872619,0.9726505927144838,0.9090909090909092,0.8980193059777122,0.9281134212387944,0.9672241653832888,1.0,0.9300400877987854,0.9431902569190376,0.9843986482829052,1.0
Rem_Milicz_2015_4205101.laz,0.7349880049165001,0.7414462104569809,0.990779070153764,1.0,0.7497763959852713,0.8778344916815534,0.810883673637319,0.75,0.5706489452848464,0.6713143006063356,0.7721994936221761,0.5,0.7783557970819122,0.7865927713302734,0.9875977650348312,1.0,0.8324127297515893,0.9198176426961644,0.8954529312087115,1.0,0.6462746698278867,0.8915781618558539,0.9623853488527366,0.75
Rem_Gorlice_2015_5804403.laz,0.561396479755965,0.7661513197435719,0.9610757844527752,0.75,0.6970306158513052,0.7370063798901747,0.9386498906256416,0.875,0.7938986399726555,0.8261304785552691,0.9596350637371712,1.0,0.7348094938749374,0.7738021232314147,0.9454992616882592,0.875,0.8089250452892245,0.9146594231898012,0.8811159539496755,0.875,0.7514259404360621,0.8342141037210417,0.7901212515302833,0.875
Rem_Milicz_2015_2105901.laz,0.7315945313859625,0.8190163608126324,0.9339926842977356,0.9090909090909092,0.0,0.0,0.0,0.0,0.7595181314477079,0.8123815013534528,0.9302857647198404,0.9090909090909092,0.7836066080326021,0.8221273038519541,0.951937863593232,0.9090909090909092,0.7648313661743387,0.845643916245689,0.9422057588577208,0.8636363636363636,0.6176408028999855,0.799883006191208,0.7836162614975304,0.7272727272727273
Rem_Herby_2016_3304206.laz,0.6990081071857562,0.8491002013058415,0.9412275976134988,0.8297872340425532,0.7152385542558264,0.9273312438789176,0.761376128254641,0.9361702127659576,0.6375469621027253,0.7906373389507463,0.9149774418007856,0.7659574468085106,0.7563917835127661,0.8236967266729026,0.9081331145353674,0.9148936170212766,0.6847523378337886,0.8323217737872659,0.8937478055763964,0.8085106382978723,0.7990153632998446,0.8868580473723857,0.901626430149944,0.9148936170212766
Rem_Herby_2016_5106406.laz,0.6805454864357521,0.7747600624909695,0.8659786705281667,0.8666666666666667,0.6677181801070484,0.8569932487048715,0.7573139634589676,0.8666666666666667,0.7651682427444554,0.7883247515820943,0.9490424813489567,0.9,0.7613954458846525,0.7896854141310938,0.9579796800868784,0.8666666666666667,0.8058821900055544,0.8599098144555908,0.9648509620899228,0.9333333333333332,0.8312604887769858,0.8777934007705191,0.9414276778335496,0.9333333333333332
Rem_Herby_2016_2403606.laz,0.5688048309722671,0.7445295204589962,0.863802343445847,0.625,0.6756798986890611,0.7849168805734691,0.7871016446181303,0.71875,0.6179446055856271,0.8338816069506007,0.8712082303442857,0.6666666666666666,0.6682890739831994,0.819223221992072,0.8368191573439061,0.7575757575757576,0.7837870250221287,0.901819756387405,0.9411715056282632,0.8787878787878788,0.7619972217519471,0.8972450484083042,0.9046428015311362,0.8484848484848485
Rem_Gorlice_2015_8204703.laz,0.6553124122311155,0.8079661465121853,0.9043162906997604,0.8148148148148148,0.7584894106190708,0.8437955917799684,0.8831895985945409,0.9629629629629628,0.7259078702737811,0.8702140592504654,0.9311250531985884,0.8518518518518519,0.6652041641988624,0.8067623442327092,0.8528127139242794,0.8518518518518519,0.7317667646531085,0.8862683717608382,0.8087984070118067,0.7777777777777778,0.7612981532380375,0.8760421318166316,0.8638744251757509,0.8888888888888888
Rem_Gorlice_2015_6804003.laz,0.7626163477028205,0.8661933263555133,0.9512104249523908,0.9230769230769232,0.7108148755427147,0.7876369477029475,0.900388015212331,0.9230769230769232,0.785813111823892,0.8024764652268538,0.9766278481028856,0.9230769230769232,0.6659996713745324,0.6998624112520925,0.9390975631617872,0.8461538461538461,0.6617358599941267,0.8111014805691888,0.7989833931289617,0.7692307692307693,0.7783828399504279,0.866981573606409,0.897808765358935,0.8461538461538461
Rem_Suprasl_2015_3600604.laz,0.6713965559101003,0.7513383070187095,0.9169242959268646,0.7391304347826086,0.6398318237277084,0.7787863191442718,0.7982976721829946,0.7391304347826086,0.6379434047763372,0.7703296194185565,0.95036822751624,0.782608695652174,0.7588787783206079,0.8113578314573858,0.9282767650077994,0.8695652173913043,0.7556598551351885,0.8483144388495266,0.9753193229761132,0.8695652173913043,0.8238845361843061,0.8702394319934307,0.9315866677666268,0.9130434782608696
Rem_Gorlice_2015_3203403.laz,0.5402747340631023,0.8249991128977705,0.9094956003875098,0.6071428571428571,0.5832150406611375,0.7610839571521406,0.6954399253860057,0.6785714285714286,0.4838529973421875,0.8591805096243204,0.9780555909139192,0.5714285714285714,0.5588749639192473,0.821263809299081,0.7774525724429457,0.6428571428571429,0.7346200762701086,0.8601901003296979,0.8857306075560906,0.7857142857142857,0.7858181547722919,0.9007294602243106,0.9351192003703416,0.8928571428571429
Rem_Milicz_2015_2006301.laz,0.6632300577414643,0.7470932836016129,0.8617435027493394,0.85,0.7426579444901358,0.9060868113852282,0.8097133277586848,0.85,0.7820312627685373,0.8012108012608037,0.9742873581172108,0.95,0.7509603335341433,0.7894761237592489,0.9499510826679748,0.9,0.7402101528073886,0.7997498006840591,0.8863659312629609,0.85,0.7395109790795235,0.8448607885223354,0.9677190259539468,0.9
Rem_Piensk_2016_2901202.laz,0.6787652212836848,0.7953954173943025,0.8675198578829495,0.8222222222222222,0.6773958054225752,0.7841226031486642,0.8565458583319571,0.8666666666666667,0.7438138140046626,0.8176163642150022,0.9016361987732608,0.9111111111111112,0.7575138578474192,0.8150967038176926,0.9246104837328414,0.9333333333333332,0.7509089930715334,0.8444163264274223,0.9268821766940344,0.9333333333333332,0.8015444586338527,0.8642319127972987,0.9233696916177964,0.9777777777777776
Rem_Gorlice_2015_6904103.laz,0.6066997261774986,0.7508420059364809,0.9124147733548182,0.8888888888888888,0.6533290403884091,0.7698384757749789,0.8365107087235732,0.7777777777777778,0.7556051339332404,0.8489099670740301,0.8752975129397119,0.8888888888888888,0.6706162063095215,0.8167849011531635,0.9025083578637568,0.7777777777777778,0.6965786127811526,0.852597889546709,0.8942483049193585,0.7777777777777778,0.720733704213317,0.8388046169587065,0.9651442027706394,0.8888888888888888
Rem_Piensk_2016_2302002.laz,0.5421258233541291,0.7542487544477889,0.8852430130001406,0.6190476190476191,0.531268123223249,0.7538814102900164,0.7051153375520514,0.6190476190476191,0.669225609283169,0.8259665694975282,0.8254914264946387,0.6666666666666666,0.6714953630149226,0.8316125353899629,0.848761152432758,0.7142857142857143,0.822450772962679,0.9349196862981252,0.9140635378827008,0.9047619047619048,0.8541878958584169,0.9606367419342626,0.9559076234080346,0.9285714285714286
Rem_Herby_2017_3503506.laz,0.6233459241602507,0.7146009894042282,0.9481465852162672,0.72,0.615456886988832,0.7191106865620724,0.9033289424648276,0.64,0.691814378355365,0.7917679914637384,0.985818533004886,0.7692307692307693,0.6927544764980031,0.8061399064032702,0.9651883177400514,0.8461538461538461,0.6780998828094554,0.7385896293123286,0.8323305642846691,0.7692307692307693,0.8306020707251787,0.8815791414767561,0.9771071587794894,0.9615384615384616
Rem_Suprasl_2015_4502004.laz,0.5537733806792084,0.7780513757236683,0.8561861654770622,0.5833333333333334,0.7206553898170859,0.8069151701046859,0.7862082720358267,0.8333333333333334,0.5559811322824573,0.7586958366826105,0.8092389037997346,0.6153846153846154,0.6440046598531413,0.8250449626271426,0.7840360732552528,0.7692307692307693,0.6310659187139087,0.8513626659906648,0.7915223037436424,0.6923076923076923,0.7071972642140374,0.8743920805365185,0.8672930313319676,0.7692307692307693
Rem_Gorlice_2015_6505003.laz,0.5489423259337475,0.7585909137199787,0.8351006880907703,0.6333333333333333,0.791598373980255,0.8655945409657185,0.9052761904225566,0.9333333333333332,0.7270915270309846,0.8224273801794698,0.935813495511681,0.9,0.7471881713457031,0.802912697068835,0.8908152119198209,0.9,0.601093556469692,0.7498469567198559,0.8344937202343023,0.7,0.7533034127701711,0.8501562109534899,0.8620333026874473,0.8666666666666667
Rem_Gorlice_2015_3802203.laz,0.680744296545015,0.8387205722495303,0.8166638737794909,0.8461538461538461,0.6573889059393679,0.8188607458315106,0.7923223677016425,0.8269230769230769,0.7414105381941467,0.8390821209384584,0.90400555312173,0.903846153846154,0.7656248522505631,0.8440178988351535,0.896019542354645,0.9807692307692308,0.7660171478622152,0.8648472117953413,0.9181263707285932,0.9230769230769232,0.7698421729011439,0.8543507073481937,0.8758932352750856,0.9423076923076924
Rem_Milicz_2015_7102401.laz,0.6323226174027927,0.7641712052904248,0.8753324175385097,0.7450980392156863,0.6503887467853743,0.840419960890649,0.7529633872478889,0.7647058823529411,0.7368132451302759,0.8018671972981853,0.9205818139441015,0.8627450980392157,0.7496677391972122,0.7958169433628244,0.9350879387274248,0.9019607843137256,0.8007596521580058,0.8659614634130941,0.9294671801813073,0.9411764705882352,0.7839348742048048,0.843055277899314,0.9003680749536415,0.9215686274509804
Rem_Milicz_2015_4303901.laz,0.5559800580691874,0.7695776857448504,0.9333952146057564,0.5555555555555556,0.6893088181634164,0.9407869622152024,0.7360636000139336,0.8888888888888888,0.7197974116448873,0.7333829294492846,0.9662575702177084,0.8888888888888888,0.6790097899156753,0.7008755416997271,0.9384462963252472,0.7777777777777778,0.7956728893319306,0.872855613398266,0.9123411644816628,1.0,0.8481090898131938,0.883358276882766,0.9584412111149893,1.0
Rem_Herby_2016_6803306.laz,0.6207232234865759,0.8013842255159911,0.8640591746326324,0.7454545454545455,0.6245306695398024,0.9127660203358936,0.6801775347537038,0.8,0.6531206066694054,0.7971295617014508,0.9148034514639825,0.7090909090909091,0.6666706685971374,0.8091324570782589,0.9160352558018172,0.8,0.6624057224489726,0.8161205081616285,0.9084963317946738,0.7454545454545455,0.7727693911878774,0.8556825450502518,0.8986615614822034,0.8727272727272727
Rem_Milicz_2015_2805201.laz,0.6447628390328448,0.7476020883677645,0.8628606978539953,0.8035714285714286,0.7378523485585814,0.8040300236545662,0.915123407323014,0.9464285714285714,0.7471811658593338,0.782247052855694,0.943928960837254,0.9642857142857144,0.754397603907403,0.7932538847382636,0.9482907167227008,1.0,0.7485416328761655,0.7935160273629187,0.9565301794352744,0.9642857142857144,0.7334684899655607,0.7778192125039316,0.9218288878292148,0.9107142857142856
Rem_Herby_2016_5700906.laz,0.5954597326783623,0.782814088418666,0.8969402976009249,0.6333333333333333,0.4917357625335267,0.8594323932379383,0.5736011223775176,0.5666666666666667,0.709261884160518,0.8613418222900172,0.8780821606445306,0.8666666666666667,0.7961100428542991,0.8698944639123456,0.904934307177881,0.9666666666666668,0.8290974415791457,0.9000194939896676,0.9147257638908812,1.0,0.8197540126026295,0.887573342275432,0.9034891989759484,0.9333333333333332
Rem_Milicz_2015_3902101.laz,0.7090190131605058,0.8452164823632449,0.837987877234187,0.8095238095238095,0.6186865422478751,0.8636093922166288,0.7049954939185428,0.7619047619047619,0.8256362989165538,0.8743800431696727,0.9418824440689432,1.0,0.6229664916597513,0.681797763170433,0.8864034912051448,0.6190476190476191,0.7876522431721941,0.8416255448344568,0.8868924349887702,0.9047619047619048,0.8113050787698868,0.871439600009583,0.9226652765861546,1.0
Rem_Katrynka_2016_5801105.laz,0.6894189467786375,0.7724528014115994,0.9066611935178844,0.8095238095238095,0.6082644968067656,0.8205046108094868,0.7573365082725642,0.7380952380952381,0.6382779048940899,0.7934949997094257,0.9503526623675704,0.6904761904761905,0.7172523192299645,0.798251614181172,0.9252669468844896,0.8571428571428571,0.7218048323318903,0.8161791314259411,0.9740811021400834,0.8333333333333334,0.7520011942006798,0.8108769225449952,0.8970514529936451,0.8571428571428571
Rem_Piensk_2016_2501302.laz,0.5818134789352536,0.6997162188748961,0.9364484937361044,0.625,0.6884663341764771,0.8069270018709442,0.8263380603232419,0.75,0.7216157317934316,0.8373013133635996,0.8491104528324137,0.7916666666666666,0.7126539928290211,0.7616699947775923,0.9095190745144902,0.7916666666666666,0.7060830016240126,0.8623326754107623,0.933584251947414,0.7916666666666666,0.8105401009190468,0.8837157188708772,0.9536871432140018,0.9166666666666666
Rem_Herby_2017_4802106.laz,0.6584504555054408,0.686616264612363,0.9539216730175356,0.8,0.6583533257009268,0.8132678732557131,0.8053071936097298,0.7,0.7737270885076466,0.8281706022741793,0.9354255313250264,0.9,0.6736550449098215,0.7584818234656143,0.8816671102010064,0.9,0.7624087326492991,0.8563895540769784,0.8917246431347028,0.9,0.8122127624358322,0.8766830643223964,0.8868923626009521,0.9
Rem_Gorlice_2015_5001003.laz,0.5889299359960382,0.7272884499673886,0.9128469208380764,0.6666666666666666,0.757454335038186,0.8031309059107522,0.934552441770896,0.8333333333333334,0.6828291595364161,0.7851923958874539,0.9432449476922692,0.7916666666666666,0.6070458677171108,0.7557815978951771,0.8956190300469725,0.6666666666666666,0.6785263363641528,0.7964967454515235,0.8965409846973351,0.7916666666666666,0.7642590192524672,0.7986946877569295,0.9346856274849258,0.875
Rem_Piensk_2016_1102502.laz,0.4489905358460618,0.7118919419705882,0.9113599659110456,0.5714285714285714,0.711586522440443,0.8148289882478972,0.8536033388185605,0.8775510204081632,0.673332115798571,0.7848823975441823,0.869166081571225,0.7755102040816326,0.7292093419228102,0.8292715720866594,0.8916589705291922,0.8775510204081632,0.6805126672996578,0.7786555669025246,0.8863654991045138,0.8367346938775511,0.7629001040405324,0.854146963910088,0.9233768784451204,0.8979591836734694
Rem_Herby_2016_5500406.laz,0.7091092132709576,0.7576580227364561,0.9234164972805712,0.902439024390244,0.5725103604595372,0.8634712389859013,0.6355385826278437,0.7317073170731707,0.7387041912368699,0.7830401469295921,0.9566618183100384,0.902439024390244,0.6843985927747461,0.7451169520022886,0.9604742497041404,0.7804878048780488,0.6954310523115853,0.7930376067516687,0.9588650907349338,0.8780487804878049,0.7704211349299687,0.8175451523569638,0.9573917840183392,0.975609756097561
Rem_Gorlice_2015_7005203.laz,0.5383245452916331,0.6204202924858954,0.8564396141487624,0.6,0.5461255432729928,0.6064805485691448,0.8876843458932671,0.8,0.7909515316256436,0.880377458806092,0.902443742354406,1.0,0.7907452490995622,0.8256618726299821,0.947413340093502,1.0,0.8484731985015527,0.9450898833749282,0.8925957661211882,1.0,0.902778661184752,0.944506411880468,0.9524420451786728,1.0
Rem_Katrynka_2016_2201005.laz,0.5525671003177337,0.7288489157217806,0.9048600564985848,0.6956521739130435,0.603054798421959,0.8956802613143963,0.6531605108061178,0.7391304347826086,0.6921056447651768,0.8091269228911151,0.9319020425545465,0.8695652173913043,0.653891105362533,0.7933078930716448,0.8641665467824683,0.782608695652174,0.8063169801659952,0.8603882985485862,0.9281727846636434,0.9565217391304348,0.7903803124919995,0.8745787615976105,0.9426314716090552,0.9130434782608696
Rem_Herby_2016_5703406.laz,0.6149483314812263,0.7500615605974572,0.8689850901365096,0.8,0.641025637809402,0.7481402442625642,0.8212876915881135,0.76,0.7536430831499927,0.8451076635989025,0.8922513637623225,0.86,0.7033304231124972,0.814942069460237,0.8742325290235216,0.84,0.7271479843989929,0.8132230236758857,0.9255826556278616,0.88,0.7334950499922883,0.8397064321639247,0.8813850131088707,0.86
Rem_Herby_2016_5603406.laz,0.6142626322911292,0.7209373720228759,0.8624695759484061,0.7708333333333334,0.7013921417562267,0.7728844776977478,0.8671788816581573,0.8541666666666666,0.7074399140046469,0.7873224277745451,0.899546374556424,0.8333333333333334,0.7448814772243296,0.8085232183847257,0.9348313536726448,0.8958333333333334,0.6832346501626735,0.7511092140437061,0.8802423656641231,0.7916666666666666,0.7313392198862295,0.8051579667145351,0.9051238188467317,0.875
Rem_Milicz_2015_5602301.laz,0.7139251305914008,0.7917697198328122,0.9350491487111312,0.875,0.6812721074870414,0.8525712388645256,0.7998147329701685,0.875,0.7091250157216012,0.7309122856625377,0.9615010669260304,0.9583333333333334,0.6971062668442048,0.7419371883607897,0.9355180071236824,0.9166666666666666,0.6387238042177977,0.7315309411551133,0.8868212758061346,0.8333333333333334,0.7701339213472921,0.8092677160522537,0.9481525423813744,0.9583333333333334
Rem_Katrynka_2016_5002905.laz,0.6735913210521264,0.7302033943395664,0.8796228030158064,0.7586206896551724,0.6041688794106881,0.839330416614467,0.673041595372696,0.8620689655172413,0.6970656389442335,0.8294781041746678,0.9158345527147138,0.8275862068965517,0.70952890488178,0.778369873908604,0.8863655361752206,0.7931034482758621,0.8163565748357039,0.8571734565797565,0.9412930363917688,0.9655172413793104,0.765191705910233,0.7969662939806805,0.9159380194135216,0.8620689655172413
Rem_Herby_2016_6403606.laz,0.7123398105885274,0.8072248856437345,0.8920893756287193,0.8409090909090909,0.6271280035028226,0.8792553642402041,0.6904972660834342,0.8181818181818182,0.7038782923589268,0.7927736426163972,0.8802842920319942,0.8409090909090909,0.7204550986414665,0.8161495533207476,0.9041159050614666,0.8863636363636364,0.6853262387846945,0.7917617856172217,0.8829428967056902,0.7954545454545454,0.7819475747283299,0.8535662889169126,0.8833325026486389,0.8863636363636364
Rem_Piensk_2016_2602702.laz,0.5928707108283691,0.7429318256213184,0.8556812170897877,0.7058823529411765,0.6629968050181523,0.7999694677778171,0.7962023088334703,0.8235294117647058,0.6017772543680875,0.7790292998056911,0.8732246115159283,0.6470588235294118,0.678074598278406,0.8223118007724752,0.9150906816665796,0.8235294117647058,0.6950787423314766,0.7509819670887349,0.8464618578581804,0.7647058823529411,0.7694698502917569,0.844256847854399,0.9381755325977216,0.8823529411764706
Rem_Gorlice_2015_6904703.laz,0.6387006435935434,0.7882526931114643,0.958095371274144,0.8421052631578947,0.7535841695242063,0.828950836596944,0.9021959903669122,0.9473684210526316,0.7373259415521314,0.7893243324634761,0.9108493416622564,0.8421052631578947,0.64197786931475,0.7515906105017728,0.874739799921891,0.6842105263157895,0.5332899917922118,0.718580989132415,0.8816290781753275,0.631578947368421,0.5727180604093681,0.7218756796393685,0.8330213248087085,0.6842105263157895
Rem_Gorlice_2015_7105203.laz,0.481520106151507,0.6956158813573013,0.9074919392256172,0.3846153846153846,0.7017798558499326,0.8201637612858192,0.8481086482369782,0.9230769230769232,0.7182587202508561,0.8720365421730647,0.7905045886403715,0.8461538461538461,0.746908908964735,0.8005913276201423,0.9203376313887628,0.9230769230769232,0.7884084716573703,0.8323075691352998,0.9313677646270482,0.9230769230769232,0.739092123118339,0.8696150001307709,0.8370214270733574,0.8461538461538461
Rem_Suprasl_2015_3901204.laz,0.688099392698495,0.7952053504714736,0.8939458756045738,0.8452380952380952,0.6955586415976505,0.8177941423460311,0.8373028712819333,0.8690476190476191,0.6015743905380087,0.7437810052537028,0.8472884731753125,0.6428571428571429,0.7324318923080351,0.8123345290378817,0.8764499146389928,0.9166666666666666,0.5951500635723785,0.7708505649015785,0.8991193432717858,0.7261904761904762,0.7151242788525802,0.7900306275047434,0.8839647995483719,0.8214285714285714
Rem_Suprasl_2015_3702404.laz,0.54037949486722,0.7657772718483276,0.7519369249530798,0.56,0.5469753712613008,0.8107147531843469,0.6781453682305606,0.62,0.6252101995072579,0.7993137539049082,0.769808798406029,0.72,0.7902124741174564,0.881317688220723,0.905310508723246,0.92,0.7683401803161286,0.8945022971915781,0.9323386846281512,0.88,0.8149736294931472,0.8820989473669812,0.906218195274545,0.92
Rem_Herby_2016_8607506.laz,0.6254503901318665,0.7331164058183439,0.8417984391070821,0.7575757575757576,0.5469911324797428,0.7957012761844274,0.6662067994752048,0.6363636363636364,0.7114223755634917,0.8221585185227203,0.949160738586995,0.8484848484848485,0.6588522481651066,0.8032639897357613,0.8259174714070766,0.7575757575757576,0.7677673947386803,0.8418896595477686,0.9372163650524916,0.9090909090909092,0.8286333907817542,0.8706007917707381,0.9444189120033096,0.9393939393939394
Rem_Piensk_2016_2501502.laz,0.6016430139851191,0.7676672979270861,0.9142843839830904,0.6923076923076923,0.6988816648837829,0.8357666873685019,0.8246972781130105,0.8461538461538461,0.7265947747692264,0.8133824514460601,0.8259101224344498,0.8461538461538461,0.6381890785205362,0.7775263367812631,0.8188513868494611,0.6923076923076923,0.6870128297655351,0.865977093832118,0.8473110108067071,0.6923076923076923,0.7384376585545245,0.8687575407905739,0.8322768284194288,0.8461538461538461
Rem_Milicz_2015_5003201.laz,0.6087694035669904,0.7005955567736136,0.8884499179196439,0.6538461538461539,0.4582252681579549,0.8623649859684286,0.5067965228490858,0.3461538461538461,0.7237064822290128,0.8434016908510282,0.8826252971316898,0.8888888888888888,0.7237620397418224,0.8429908779814344,0.8917244450013088,0.8888888888888888,0.7832942794841954,0.8999849230081005,0.899841742087546,0.8518518518518519,0.743851738207201,0.8916794435321651,0.8941883045308435,0.8148148148148148
Rem_Katrynka_2016_4503105.laz,0.5763490688509515,0.6535157483773474,0.8908802447453318,0.6458333333333334,0.565054602638955,0.819902721681968,0.6713006265852725,0.6875,0.6988814035921335,0.7557879034185706,0.9072721638497958,0.8541666666666666,0.7328831848991729,0.7669545518249072,0.9481049441338386,0.8958333333333334,0.8067540480911082,0.8276379983490139,0.9715725482235928,1.0,0.8074679431827708,0.8382548884976445,0.98199410508084,0.9791666666666666
Rem_Suprasl_2015_2402904.laz,0.562968647499946,0.7301076712221628,0.771547008273082,0.6,0.5156492394418043,0.7608370702128424,0.6394102799681586,0.5272727272727272,0.6478098183073955,0.7714100071575302,0.8058122893980934,0.6909090909090909,0.7851341763270402,0.8476101098023839,0.9049893982994026,0.8909090909090909,0.7710582369264675,0.871247838528255,0.9133783871035794,0.8909090909090909,0.8244372366677915,0.9153600733374846,0.9112076901446235,0.9454545454545454
Rem_Herby_2016_6608806.laz,0.62258172558091,0.7481612279627636,0.8585397140728878,0.8484848484848485,0.5373960208936979,0.8349301735149514,0.6160054490022345,0.696969696969697,0.720696231796879,0.8007537408859857,0.9119267720473444,0.9393939393939394,0.7261899796134355,0.8089648952034597,0.8979097795801704,0.9090909090909092,0.752138229684329,0.8432399389591052,0.9225543751919352,0.9393939393939394,0.7708657651851257,0.8593126496228966,0.9258297413211078,0.9090909090909092
Rem_Katrynka_2016_3601605.laz,0.6087455863401693,0.7288767232397448,0.8302208493528545,0.6666666666666666,0.4690687237893937,0.8172353300770934,0.5366550677609575,0.4545454545454545,0.7596499965428918,0.8219414975001154,0.9134644193807514,0.9393939393939394,0.751490667768941,0.7992700438973195,0.935387584862352,0.8181818181818182,0.7888293616087306,0.8377502086378423,0.9049180854589362,0.8787878787878788,0.8431350056857807,0.8865325775227733,0.9520619168414924,0.9090909090909092
Rem_Gorlice_2015_6405903.laz,0.6545153933267516,0.7647439619210593,0.8761590079254351,0.7708333333333334,0.6684505704679472,0.8068248772229915,0.7986588584033627,0.7916666666666666,0.5069530281167324,0.7644265762969792,0.8885186511441597,0.625,0.7256679446040328,0.7998085541481262,0.8910554356579804,0.8333333333333334,0.6187781685839312,0.7716105754924137,0.8511435847959344,0.6875,0.6708018566070373,0.8332680965319215,0.8706190656766468,0.7916666666666666
Rem_Suprasl_2015_3801904.laz,0.7980523356797486,0.8790040578221251,0.9147590541521446,0.9767441860465116,0.0,0.0,0.0,0.0,0.3788951493176394,0.6910133092807624,0.5758489324274384,0.3720930232558139,0.5883371144061165,0.8672611144860117,0.6851679797299175,0.6627906976744186,0.6871518694808699,0.7907057116502102,0.9116907673179364,0.8255813953488372,0.8223073401269552,0.8661719810089096,0.9263374097748296,0.9767441860465116
Rem_Milicz_2015_4104101.laz,0.3416534412671851,0.3484276418226815,0.7023161320164575,0.25,0.4687856269152795,0.8852268560641366,0.5214508872037775,0.5,0.8489656741008593,0.8539253058414138,0.9927728245711616,1.0,0.7793235830495712,0.7995279335131491,0.9491256133140158,1.0,0.8362281373115424,0.8807129619942903,0.9493798627827916,1.0,0.8444833919542487,0.8640556502667093,0.9721784727172016,1.0
Rem_Herby_2017_2204106.laz,0.6057764809657197,0.7134405781636441,0.8569778310274616,0.6842105263157895,0.6563908394279213,0.7605630100767429,0.8219670554339583,0.6842105263157895,0.7473492114184377,0.7946993279406561,0.9318895849074638,0.9473684210526316,0.7070411717582822,0.7671465561384767,0.9150065556684386,0.8947368421052632,0.6932459285348803,0.8034444037557336,0.8997646412499201,0.8947368421052632,0.6757717828227225,0.7876145417035619,0.8068090113596844,0.8421052631578947
Rem_Herby_2016_3301806.laz,0.5523094451840758,0.7109070868571783,0.8339399351931321,0.5666666666666667,0.5084847651970095,0.7242579732077782,0.6922136434958278,0.5,0.6761352841389565,0.799913551603754,0.9041387823158132,0.8333333333333334,0.6528709721581829,0.779945192723709,0.9102848186874568,0.7666666666666667,0.7942072820587904,0.8595348644881923,0.8808197654717936,0.9333333333333332,0.7929543926740977,0.8484402098170711,0.9038557741610098,0.8666666666666667
Rem_Gorlice_2015_6505903.laz,0.5368356748896392,0.7861435145400412,0.826371776070401,0.6923076923076923,0.6405074549125532,0.8276001024246717,0.764449645791513,0.7692307692307693,0.5159148742477061,0.7894418819698459,0.8281951134864173,0.6153846153846154,0.6381597278671024,0.7767173476229283,0.8753215180601016,0.7307692307692307,0.6427710629377307,0.820949518027559,0.8728987159703753,0.8076923076923077,0.7168356119802405,0.8422222349816739,0.8716539191786782,0.8076923076923077
Rem_Gorlice_2015_2703003.laz,0.7210321915608545,0.8066169167235258,0.8925817185574627,0.8648648648648649,0.5819811358971549,0.7501380986428187,0.7749557105511395,0.7027027027027027,0.6491033404740036,0.7552734211129145,0.8671354859947337,0.7567567567567568,0.6987179969934328,0.7676727869498454,0.9056694205181792,0.8918918918918919,0.6296986861500413,0.757199503255932,0.912285559992566,0.7837837837837838,0.7218637360406418,0.8151752863641964,0.8704195390325835,0.9054054054054054
Rem_Suprasl_2015_2002504.laz,0.3976748182107759,0.639016988200895,0.7558032643643138,0.3225806451612903,0.4897091124883975,0.6156213143926096,0.6745278289507798,0.4516129032258064,0.5902563321157257,0.8173722576928482,0.7970163118679912,0.65625,0.5811401866391459,0.7869456258042143,0.8416279463494534,0.625,0.8271373085867986,0.8850916905595337,0.9346083107939545,0.90625,0.8742951856400581,0.9196039112687748,0.9491250102099228,0.9375
Rem_Gorlice_2015_6305803.laz,0.6108429434970989,0.7592382498282899,0.8535589639971312,0.6896551724137931,0.594010417715668,0.7410791768895104,0.783515788675745,0.6896551724137931,0.6428750134984397,0.7360092776520474,0.9142575720125627,0.7931034482758621,0.6878859202049576,0.7589957650557807,0.9289057234643516,0.896551724137931,0.7144648116985302,0.7937832013565576,0.9169293696447292,0.9655172413793104,0.7003009110638666,0.7966116657084987,0.8994011959556847,0.7931034482758621
Rem_Gorlice_2015_7704703.laz,0.5875704691635052,0.6585015956814858,0.869740194210079,0.7083333333333334,0.7297536484548423,0.7729004798512991,0.9365456889114382,0.875,0.7533753551968956,0.7871742616979257,0.9453915455326292,0.9166666666666666,0.6555065255076928,0.755922772810773,0.8626591052153936,0.75,0.5734355343485394,0.7448839187877662,0.8339538660132142,0.6666666666666666,0.7089974749193795,0.7806554275106522,0.893751697989403,0.8333333333333334
Rem_Herby_2016_1201806.laz,0.6406989217941111,0.7730178776656221,0.8527005764863337,0.7837837837837838,0.681109475313333,0.7997245984545664,0.8291530812989006,0.8378378378378378,0.6409027557208282,0.7751257032488903,0.8432073645465082,0.8108108108108109,0.6864058151914304,0.8176775951884653,0.8669906548160169,0.8243243243243243,0.5831365965992937,0.7478022450959309,0.8537565244525706,0.7567567567567568,0.6623179232478551,0.7800678636433075,0.8506365049409311,0.8108108108108109
Rem_Milicz_2015_3804301.laz,0.5520403036447903,0.6957756250658786,0.8278801886143506,0.6363636363636364,0.6105799792310405,0.782719803772279,0.7491529414910355,0.7878787878787878,0.6384710364204422,0.8452331695006439,0.8456329350297932,0.7272727272727273,0.5890926317871725,0.8110059841172848,0.8189487773380936,0.6363636363636364,0.754772911657353,0.8343049055433562,0.9018320211188768,0.8787878787878788,0.7221153984134371,0.8237190292896752,0.8548861542056628,0.9090909090909092
Rem_Herby_2016_7503806.laz,0.6785049210862011,0.7688568682497924,0.8917702962127383,0.7804878048780488,0.5016815800246753,0.8275706060680369,0.5624735402801276,0.4390243902439024,0.7058233707564793,0.7889798298136368,0.8972119897766371,0.8536585365853658,0.710839600847907,0.7881418353489126,0.9028925843895412,0.8780487804878049,0.6089643884824445,0.7356330087278986,0.8418790425208061,0.7317073170731707,0.7607848969654464,0.8394901184895216,0.8952408292229928,0.8780487804878049
Rem_Gorlice_2015_7603803.laz,0.621965829815246,0.7726423111356446,0.9079017504740512,0.8,0.646107104350896,0.7577726386597144,0.8177133242573047,0.675,0.5902000995412912,0.7444697811493884,0.898512081343478,0.675,0.6962387026122523,0.769100494531006,0.9072994473901164,0.775,0.5779466842256478,0.6905402952816132,0.8150661864378201,0.625,0.6984586277273007,0.7940291170146407,0.8755847206825951,0.775
Rem_Suprasl_2015_3900604.laz,0.3867460543436134,0.657151290904073,0.7780114511726909,0.4047619047619047,0.5495388884832755,0.7368060508973965,0.6970079402781357,0.5476190476190477,0.525212782046198,0.7120198433535356,0.7568632220413631,0.5476190476190477,0.5861342926922346,0.8061572552780878,0.8126715236060691,0.6428571428571429,0.8404607346432298,0.9345174862328413,0.9431159569215964,0.9523809523809524,0.840891012968018,0.9017371413995796,0.9063796201465384,0.9285714285714286
Rem_Gorlice_2015_6605103.laz,0.6324095047661333,0.7701748331551754,0.8777777796932305,0.75,0.6953377289415323,0.7907190289071374,0.872263887026258,0.9166666666666666,0.7086908887199024,0.7948119433016384,0.8696949838463076,0.8333333333333334,0.6257404760095701,0.7382389375195834,0.8308666332589486,0.7083333333333334,0.6197642459688956,0.7811606168042194,0.8117031473149295,0.75,0.686212590579164,0.7743875796551368,0.8168139833956328,0.875
Rem_Suprasl_2015_3302504.laz,0.5795880819394602,0.7293722661509012,0.7996675605620447,0.6785714285714286,0.5645912299495511,0.8345039589870552,0.6777246926153843,0.6428571428571429,0.6237991991605307,0.8396358572125687,0.7356529426917395,0.7857142857142857,0.7587682490867491,0.8259271626137751,0.9046415660045088,0.8571428571428571,0.6780598696874811,0.8128033662223404,0.8622482207269238,0.7857142857142857,0.7847314188390592,0.9048106590145926,0.8628443119317184,0.9642857142857144
Rem_Suprasl_2015_1502504.laz,0.4779853929003492,0.6516717855663567,0.6813100759689253,0.4411764705882353,0.4835098888101305,0.7080832955092273,0.5806552390475778,0.4411764705882353,0.6549102647088894,0.798649489683152,0.8241080874644191,0.7352941176470589,0.729555165722292,0.8142880281516813,0.8917881852651109,0.8235294117647058,0.7753487795175557,0.8148508376228878,0.8928348702742073,0.8529411764705882,0.8465819717439127,0.8800597255236806,0.9325174788832464,0.9117647058823528
Rem_Milicz_2015_7902301.laz,0.5699275378308913,0.7375550560440577,0.8946683637931313,0.6875,0.4920180417267431,0.7468389792838946,0.632321781610782,0.59375,0.6841375218270014,0.8010302241759901,0.839361634852932,0.8125,0.7136546362991435,0.7855549521798275,0.8968487015421998,0.875,0.7221383033748593,0.7877041985615502,0.8844642155645711,0.90625,0.728938825558298,0.8115124759377064,0.9069023417650214,0.875
Rem_Gorlice_2015_3003303.laz,0.400980812639885,0.5738742400841825,0.9677299238596578,0.4285714285714285,0.5594291671697518,0.7887601515137971,0.7042396701744009,0.7142857142857143,0.5675963374381462,0.717597722604752,0.9252127449127416,0.7142857142857143,0.7302261176328967,0.7723464289770829,0.9469305267542204,0.8571428571428571,0.7581958948393808,0.8279597171411158,0.9087476415156248,1.0,0.8106889841765085,0.8245797663382156,0.9823497531021056,1.0
Rem_Herby_2016_5804006.laz,0.5182688002952165,0.6245603733001586,0.966167049035978,0.575,0.6307006724348223,0.8611885131995658,0.7097120339772256,0.85,0.584305008003634,0.7603846224207607,0.9045174135531796,0.65,0.6217937580289613,0.7601920848654118,0.7994497159152181,0.7,0.6236691546983558,0.7533225641844532,0.8793277628562067,0.725,0.7570422546968216,0.8204452987001492,0.898988822289523,0.95
Rem_Milicz_2015_4103201.laz,0.6888139531322097,0.7959162203985475,0.9181320205707686,0.9375,0.6723428381427161,0.8186227314505284,0.8070968749955582,0.8541666666666666,0.6413066524177882,0.7344082491099292,0.8959945225448203,0.8163265306122449,0.6392042375909144,0.7344912630189943,0.8745711826829498,0.8367346938775511,0.48299755475173,0.6701474193258333,0.815978809942189,0.5306122448979592,0.6218722603522169,0.7453514506201223,0.8597927074098396,0.8163265306122449
Rem_Gorlice_2015_8104703.laz,0.4923280263363481,0.7672558414082447,0.8499184513616791,0.5454545454545454,0.6763721506333481,0.7957781554445087,0.8435581216183433,0.8181818181818182,0.5766141049073273,0.8108806324849029,0.8605912915708933,0.7272727272727273,0.5252567482770798,0.7115100706911076,0.7857243350202688,0.5,0.5781266871822021,0.716179145217618,0.7393112554154649,0.7272727272727273,0.746706707392228,0.8095062028419421,0.8658498323340119,0.9090909090909092
Rem_Suprasl_2015_4601204.laz,0.4963894143145438,0.7206509356854701,0.6755129143031623,0.5405405405405406,0.4770347800445849,0.775123239883023,0.6265408967928232,0.5135135135135135,0.6404702868320837,0.8041424975011465,0.8055137601055318,0.7692307692307693,0.7089404798268768,0.8137897340036079,0.8803154993271558,0.8205128205128205,0.6634765991460083,0.829694599549269,0.8742540817851348,0.7948717948717948,0.7535586314619777,0.8765911839597356,0.904769354570468,0.8717948717948718
Rem_Herby_2016_2603806.laz,0.5835401851269842,0.7298023785218005,0.8222317624582844,0.7,0.604059513995137,0.7132472366852486,0.8258278982608166,0.7,0.6190366844717927,0.7080282686255992,0.9698831502689792,0.8,0.6079722726006501,0.6801990697778745,0.9274690778900824,0.85,0.7150533606916778,0.757521261848404,0.9172148482698632,0.75,0.7258854827724854,0.7716115162109081,0.9188793847660096,0.8
Rem_Milicz_2015_2303101.laz,0.5845277498499998,0.7387992021832432,0.8119642388773985,0.6808510638297872,0.3865578360553731,0.6868670986062099,0.6515477575061014,0.3829787234042553,0.7371390099184978,0.8053613199032867,0.8550568839828937,0.8936170212765957,0.7251509234459991,0.7815441522424226,0.9092000817568424,0.9148936170212766,0.698362019025406,0.7964400404203885,0.8225854118177245,0.8085106382978723,0.738351175756218,0.8385483285203306,0.8644758619993639,0.851063829787234
Rem_Katrynka_2016_4602705.laz,0.596369143253519,0.7326432056036297,0.8120575170379081,0.7307692307692307,0.5083511473891953,0.8644200134407218,0.5628916497702072,0.5769230769230769,0.7007292346465577,0.7835567518909292,0.8882696259634335,0.8461538461538461,0.7073610195840495,0.8036713847913128,0.86745474200389,0.8461538461538461,0.6243124694989022,0.7947791692465076,0.8161154769836544,0.8461538461538461,0.770823481093903,0.8583893391389771,0.8643862493898451,0.9230769230769232
Rem_Gorlice_2015_6303103.laz,0.4869759708823773,0.6374848690171767,0.8028007338851333,0.5416666666666666,0.6095952983149354,0.7860328612507526,0.757337571282155,0.7916666666666666,0.6290510209353728,0.785691141617736,0.8278198982906605,0.8333333333333334,0.6185384472573007,0.7524452407160805,0.8625058115175654,0.75,0.6856844360154911,0.8190296451381414,0.8388951793297907,0.75,0.7374947597403315,0.7925465148642261,0.8811334712386473,0.9166666666666666
Rem_Katrynka_2016_4401505.laz,0.4870979923733969,0.7396240896039806,0.6576271404126177,0.5454545454545454,0.5356769120330639,0.8442604419454443,0.7213150058632866,0.6363636363636364,0.5696756035020973,0.7206637239353083,0.7905257961216983,0.6363636363636364,0.6515640296607382,0.7623423778219074,0.9523610082488356,0.7272727272727273,0.7713725565524272,0.8577431829674993,0.894632681320687,0.9090909090909092,0.8492169447920691,0.8804333514943031,0.9644568678482692,1.0
Rem_Katrynka_2016_4102805.laz,0.4399019761593825,0.5719998452093349,0.8204350498739279,0.3636363636363636,0.4040847560840128,0.8469206126648622,0.4503646947154701,0.1818181818181818,0.7723369009863852,0.8499052198732074,0.8990352880612018,0.8181818181818182,0.7109109652063668,0.7623493463656602,0.9322969686135048,0.9090909090909092,0.7749959845640597,0.8872287457426147,0.8675806131694778,0.9090909090909092,0.814071827574852,0.9035743760790004,0.8965983922037577,0.9090909090909092
Rem_Gorlice_2015_7604403.laz,0.6820857289725283,0.7298594473393842,0.8989810966359182,0.7692307692307693,0.606777449108533,0.7461738425715811,0.8290312775733751,0.7692307692307693,0.7216238820540753,0.8008129949829171,0.8940913884829804,0.9230769230769232,0.5822007987552917,0.6330912905098764,0.9133975634071132,0.6923076923076923,0.597119398730568,0.6925909713336266,0.8503480049720703,0.6923076923076923,0.6474314345591156,0.791631172340999,0.7959310102410848,0.7692307692307693
Rem_Suprasl_2015_2800604.laz,0.493091442274279,0.6686973279539078,0.7870667730575746,0.5526315789473685,0.4198200897220963,0.6586182416182175,0.6438078434899861,0.4210526315789473,0.6230812927453201,0.7796500286695204,0.8945675987678636,0.7631578947368421,0.7219363962647258,0.8121572221313947,0.9121139329875906,0.8947368421052632,0.6930487788002854,0.8152343166639314,0.9066165670636376,0.8421052631578947,0.7761135513697246,0.840174761676386,0.8850106230382465,0.8947368421052632
Rem_Milicz_2015_4603701.laz,0.5326695029576896,0.7994361729915019,0.932837117390958,0.6470588235294118,0.6030160980410242,0.9130524870113284,0.6511730320650699,0.8235294117647058,0.693105079537833,0.7955255315985829,0.8596967794789954,0.8823529411764706,0.6261303986446888,0.7548456355229602,0.8341776509669302,0.8823529411764706,0.5754027777838593,0.723640545569777,0.8348372064713658,0.7058823529411765,0.6662359448419963,0.810943904185654,0.782017991159189,0.8823529411764706
Rem_Suprasl_2015_2700704.laz,0.5975551998363166,0.7033051639333641,0.8362590258070267,0.7049180327868853,0.5631152103334927,0.7364408729383555,0.7493732138185679,0.6721311475409836,0.6262259182175441,0.7487453386027294,0.9022352468585702,0.6885245901639344,0.6705141697404354,0.7393150810412661,0.9046715464694964,0.8360655737704918,0.6477969407376841,0.7450708583262763,0.9009548248543698,0.7704918032786885,0.7167158939094305,0.775105469700001,0.935080662449414,0.8360655737704918
Rem_Gorlice_2015_1302103.laz,0.6116706723172214,0.6958522252266539,0.8504275422877557,0.6428571428571429,0.6385114705071173,0.7609765714107432,0.8323159005417947,0.6785714285714286,0.6439981731884542,0.698990002147677,0.8817643079196643,0.8214285714285714,0.6013972852696128,0.6620122722230061,0.8959404971342882,0.6785714285714286,0.6923189315042174,0.7906712404481934,0.9314923949261924,0.8571428571428571,0.7263607567467976,0.7929394270032091,0.9078264582520014,0.8214285714285714
Rem_Milicz_2015_3605501.laz,0.5496198071960238,0.841151752752928,0.7641206368942552,0.5714285714285714,0.4517079305584432,0.9634768627178554,0.4554263660138259,0.4285714285714285,0.8162584185197612,0.8521463450464725,0.9475308669232014,1.0,0.7815898886686262,0.8357420177218063,0.9201411150056412,1.0,0.578186463489615,0.816445941164498,0.7046386366197473,0.7142857142857143,0.4809795714202601,0.8616738021170093,0.7793527677089206,0.5714285714285714
Rem_Suprasl_2015_4001604.laz,0.5555652843196942,0.7076030203341708,0.8642505603252382,0.6470588235294118,0.5551476096138389,0.7054651057911812,0.7404446199377857,0.6470588235294118,0.651493094963655,0.7422861162451072,0.8946699730520472,0.75,0.6763953738207119,0.723857066272191,0.9070272664422516,0.8529411764705882,0.6253405916347036,0.7603367717926476,0.9268455072442918,0.7352941176470589,0.7007482849742628,0.7546579873889954,0.8741551225738169,0.8235294117647058
Rem_Gorlice_2015_7804503.laz,0.4226967319325624,0.6121623863963414,0.7657557316264708,0.4210526315789473,0.3801611107323197,0.5642505167534059,0.8033570314842514,0.4210526315789473,0.7553761226543442,0.8349207412732035,0.9527979072725186,0.8947368421052632,0.6815100826016902,0.8191357039443207,0.9291992177270232,0.8421052631578947,0.6331492121089335,0.7278443639483702,0.818901854808569,0.7894736842105263,0.6800393328774508,0.8151363485396046,0.8171243174760985,0.7368421052631579
Rem_Gorlice_2015_6705603.laz,0.5189092398850417,0.6264141416607346,0.8446104859743024,0.75,0.5938577693685494,0.745769625024567,0.7886623832589158,0.6875,0.6505420644345746,0.735231445880755,0.8685489763458393,0.8125,0.650697346566842,0.7135294797509989,0.8797571373116452,0.8125,0.7210362710877197,0.7915496760939544,0.8690186767989506,0.875,0.7465007715290615,0.8319030537200995,0.8765909828129426,0.8125
Rem_Milicz_2015_3103901.laz,0.5111885493246336,0.666020172355388,0.8169751262468838,0.5517241379310345,0.6121437434650464,0.7443550678095225,0.8063570437173596,0.7931034482758621,0.6487401738554724,0.7211510713936453,0.90256959780277,0.7758620689655172,0.6884429433924375,0.7439213483327043,0.9145054560097766,0.8620689655172413,0.6141788141212076,0.7338449404219415,0.8955567980080998,0.7931034482758621,0.682313655981755,0.758174607208538,0.8918471278042227,0.896551724137931
Rem_Piensk_2016_3102802.laz,0.5180573045953272,0.615471445775533,0.920308213277185,0.53125,0.6137393328569601,0.6689164834360767,0.9187202491251308,0.6875,0.668514627588455,0.6918766524903635,0.9653700282137494,0.75,0.6514388220348494,0.6750444203588631,0.9629724012184596,0.65625,0.6735385216011135,0.7049224258812216,0.9788185642547348,0.78125,0.681112053628878,0.7065641849957476,0.9629486124729224,0.71875
Rem_Suprasl_2015_4101604.laz,0.5138015438144146,0.6997235510160568,0.7432338339810342,0.546875,0.504859105490257,0.7321890713199792,0.6730739948234669,0.59375,0.4781542751350744,0.7141256270403361,0.7278003667173043,0.546875,0.667532081726729,0.83029521187631,0.823745606922634,0.8125,0.6461402965729226,0.7971257716309046,0.8839487682818089,0.765625,0.7943604906504782,0.8652714361268463,0.8825494401411633,0.90625
Rem_Suprasl_2015_3100704.laz,0.5221457970922019,0.7057008080394357,0.75843928201438,0.5681818181818182,0.4646465354928748,0.7825241989562154,0.5878642375067238,0.4318181818181818,0.691118835266675,0.7830692575948288,0.8436085937165619,0.8181818181818182,0.7231964183719365,0.7993246528384219,0.9152397070312732,0.8863636363636364,0.6203130929235999,0.7365512583644113,0.7984224218315739,0.7272727272727273,0.7640951711464907,0.8626964597932665,0.8971855976744383,0.9090909090909092
Rem_Piensk_2016_2400402.laz,0.6834217822447667,0.7860617595797267,0.8758097304139509,0.8543046357615894,0.6465662724555353,0.7751074759354201,0.8242580405949038,0.8079470198675497,0.5059397967476469,0.6566348535733507,0.7540265100448301,0.543046357615894,0.7070519866604132,0.7975114284550963,0.8911154736290454,0.913907284768212,0.4020744033618447,0.6198843127634492,0.8776568171315908,0.4701986754966887,0.591302811809167,0.7325152275053988,0.8797349012367185,0.6754966887417219
Rem_Katrynka_2016_1800905.laz,0.4487746965645595,0.6556147679478416,0.7497116567755565,0.4,0.3529778989017103,0.8865561660529834,0.3723061820424742,0.0666666666666666,0.7059560011670339,0.7930974700133834,0.8687484910652569,0.8,0.7573640950897566,0.8407678532884294,0.8750837924855203,0.9333333333333332,0.7846836307151683,0.8340456750618735,0.8704445476848307,0.9333333333333332,0.7233182369209102,0.8289563781275566,0.8760957100056086,0.8666666666666667
Rem_Katrynka_2016_3701705.laz,0.5309686541384159,0.7600098789656332,0.7738395591642904,0.6,0.4702058429771321,0.8719924163740316,0.5237769347166633,0.4222222222222222,0.6083843109635246,0.7462446921210142,0.8056648690602519,0.6888888888888889,0.6894801785437735,0.8106881525960545,0.8395210802576984,0.8222222222222222,0.6738306365453693,0.8260376766896504,0.8687678843923597,0.8222222222222222,0.7020823915002034,0.8682537863124857,0.8262607208139786,0.8222222222222222
Rem_Suprasl_2015_2503004.laz,0.5038134010197207,0.7150572300086051,0.8778876650662492,0.6097560975609756,0.5884993167492989,0.7490726502312219,0.7536507068247028,0.6585365853658537,0.4684558318420714,0.6944682789431356,0.8991318290664194,0.6341463414634146,0.4849396234481841,0.6427458730568945,0.876146138479315,0.5609756097560976,0.6018120304599583,0.7643595291863147,0.8483422112642887,0.6585365853658537,0.7052754460018391,0.8098493039164826,0.8799558061764126,0.8536585365853658
Rem_Herby_2016_4000506.laz,0.5938857896169153,0.8033130995232198,0.8443400029646915,0.7586206896551724,0.6322608055379483,0.7802803403496901,0.731706857592904,0.7241379310344828,0.5002287609731141,0.6842724545099563,0.6819821324239119,0.5862068965517241,0.647197587304596,0.8264587747224471,0.7766709800152256,0.7931034482758621,0.5767164078031034,0.7638001815549633,0.8359839807020552,0.6206896551724138,0.6585532988865883,0.8345220227552297,0.7858186137325788,0.7586206896551724
Rem_Milicz_2015_4005301.laz,0.2071004151305566,0.4201002729932117,0.97463743367681,0.1666666666666666,0.6231372779388752,0.7706851022442583,0.7747436987732429,0.8333333333333334,0.7379889826404771,0.7644711807330026,0.965667409576951,0.8333333333333334,0.753277900543933,0.7972937494413465,0.9483423901801326,0.8333333333333334,0.5727992815117259,0.7505095000043333,0.6978780436529526,0.6666666666666666,0.6524960371932732,0.7163953336727631,0.7948068408938019,0.8333333333333334
Rem_Gorlice_2015_2800303.laz,0.6245818025926418,0.7281402640306409,0.8381450717914828,0.7352941176470589,0.5801447658736386,0.7611827093896887,0.7726186494656095,0.5882352941176471,0.5392424587032383,0.6601757628006354,0.7787296662822448,0.5588235294117647,0.6755994644226717,0.7710821234079371,0.8355079014984694,0.7941176470588235,0.6023937747232049,0.6725340460363837,0.8101666631855095,0.6470588235294118,0.7411160319282231,0.8312964905587619,0.9117133575858152,0.8235294117647058
Rem_Gorlice_2015_5204803.laz,0.6425730493580756,0.7474396890010973,0.8658883451607089,0.7272727272727273,0.5455858777501519,0.7390625019827813,0.7122569773328153,0.5454545454545454,0.7579386589494902,0.8429940276870446,0.875777512047415,0.9545454545454546,0.6558662225012398,0.743747646965317,0.8542876801265493,0.8181818181818182,0.5907755711653021,0.688279060099533,0.720528446220627,0.7272727272727273,0.5999591334818417,0.7091520465690576,0.706276262750325,0.7272727272727273
Rem_Katrynka_2016_2201705.laz,0.5302788046871365,0.7471583003130992,0.781310117040051,0.4848484848484848,0.3742901455457522,0.8024029378844224,0.4636554057448479,0.3333333333333333,0.4615160654260953,0.7404718272463003,0.7796928983065979,0.5757575757575758,0.6513922143872737,0.778080674772491,0.8593979438061059,0.7575757575757576,0.7106493528759916,0.8418398502498912,0.8591376788083434,0.8181818181818182,0.7635812841511843,0.8654056772182398,0.9295289299154668,0.9090909090909092
Rem_Gorlice_2015_6004603.laz,0.5609304332663935,0.7033909086160416,0.8981132031502631,0.6756756756756757,0.5807009085238484,0.6890874626368639,0.8201321546441931,0.7297297297297297,0.6219877008292309,0.700774011741481,0.8958003471291488,0.7297297297297297,0.600996049080204,0.692014329270198,0.8956048403276071,0.7297297297297297,0.498580949608995,0.6719814187259331,0.7482475933498178,0.5945945945945946,0.6969952278451947,0.7819054699202138,0.900794515975346,0.8378378378378378
Rem_Suprasl_2015_3000604.laz,0.4536279705769772,0.6586771088415374,0.760595909084637,0.55,0.6518700631741055,0.7745201245538016,0.7947378068671189,0.8,0.4683982694879859,0.7313037483939566,0.7097820693414547,0.55,0.5701877446382851,0.7809754130451239,0.6950327134827912,0.65,0.6371736068994068,0.7891310785205807,0.826577266970862,0.75,0.6868145489288084,0.7996520443997397,0.8399968588938946,0.8
Rem_Katrynka_2016_2000905.laz,0.5110775190382097,0.6673626693950071,0.7293996672877856,0.5333333333333333,0.4468496526632445,0.7702932253377507,0.5635310485406375,0.4666666666666667,0.564117580541992,0.7909146176569274,0.7925891928079605,0.6,0.6669255523533048,0.8282814643384435,0.8105059315123117,0.8,0.7262543411665029,0.7830713288024683,0.8566886430397714,0.9333333333333332,0.784043754797945,0.8709128166640248,0.8899797748209194,0.9333333333333332
Rem_Gorlice_2015_7904603.laz,0.5992208132598087,0.6959314856680332,0.8527878759241829,0.7027027027027027,0.6140385716749305,0.7416529155503181,0.8201797636051797,0.7567567567567568,0.6519136169631126,0.7475074210359001,0.8633263451124951,0.8378378378378378,0.6643549361381786,0.7590047662619256,0.8548470959201285,0.8918918918918919,0.5708119072982489,0.6884233924500491,0.8558811644120102,0.7567567567567568,0.6074276523591626,0.7247556511838554,0.8119555124303848,0.7567567567567568
Rem_Katrynka_2016_4701305.laz,0.5549734949612933,0.711816410783995,0.787222727653126,0.6388888888888888,0.4871093988928041,0.8420916263565218,0.5624354513440089,0.5,0.638122395846797,0.7287815279205125,0.8481662429494088,0.75,0.6721319805435192,0.7374832332819883,0.9264077775895946,0.8333333333333334,0.694747351347175,0.8203194579035298,0.8906437559076286,0.8888888888888888,0.6777886091034956,0.7777946512762451,0.8231420951250349,0.8333333333333334
Rem_Gorlice_2015_5201303.laz,0.5215366368521076,0.7543788549791208,0.7724200013136217,0.5454545454545454,0.503003400552743,0.7164338477277339,0.7239492230983962,0.5757575757575758,0.5230445169976679,0.7336481491050654,0.8385049284269904,0.696969696969697,0.5757615658427626,0.7273467668070358,0.8518461161386355,0.7878787878787878,0.6131678361388812,0.7608017302419197,0.8162120823862387,0.8181818181818182,0.7297021842868059,0.8497208946475707,0.8785922043189676,0.9090909090909092
Rem_Gorlice_2015_6703803.laz,0.5035035211035259,0.6652775866035603,0.7580076073741612,0.4545454545454545,0.5207143767954511,0.721998093642314,0.6961647942860844,0.5909090909090909,0.6652641404780902,0.763394232976897,0.8574922518235375,0.8636363636363636,0.6277269221889005,0.7646137535981837,0.8055557225934503,0.7272727272727273,0.6735564454843558,0.7879809472646087,0.9408178069311696,0.8636363636363636,0.7403375146148171,0.8324202086793453,0.8728387088028622,0.8636363636363636
Rem_Gorlice_2015_7305703.laz,0.5859257318243909,0.6587841381544356,0.8410883588010057,0.7083333333333334,0.6539492502772201,0.7373223549537725,0.875969929395766,0.7916666666666666,0.6122902218093303,0.7326993188520138,0.9544219039706322,0.7916666666666666,0.5725871072447191,0.6935076594334675,0.8939140447885952,0.75,0.4758410840474376,0.6390602185342488,0.7916391068895209,0.4583333333333333,0.6451927427672087,0.7858760694390469,0.8582843771097337,0.9166666666666666
Rem_Suprasl_2015_1902204.laz,0.5072634036811174,0.6678522654570118,0.8061179066978699,0.6923076923076923,0.4987962227694801,0.7343541016953437,0.6186949322131164,0.6153846153846154,0.6484117605776926,0.7957356504208539,0.776840895844017,0.6923076923076923,0.5985211434529442,0.629234172599382,0.861273770404658,0.6153846153846154,0.6557704197896437,0.7371603156578146,0.819938143126455,0.8461538461538461,0.7748850430279368,0.8064998967687642,0.8838207865648362,0.9230769230769232
Rem_Gorlice_2015_6804603.laz,0.4707149488389778,0.6715804888496769,0.7315089016373494,0.3529411764705882,0.5086473791088271,0.6792405074093564,0.6793640474250839,0.4705882352941176,0.5793052533064371,0.7869055099467435,0.87953918168341,0.6470588235294118,0.6094350733213946,0.7203143674036391,0.9047412056349988,0.6470588235294118,0.6552916611892236,0.801896083495983,0.925616860202408,0.8235294117647058,0.5469312738250465,0.7821420326250879,0.8072388867458093,0.5882352941176471
Rem_Gorlice_2015_7004603.laz,0.6207090857207349,0.6778358359770615,0.8906145792153861,0.75,0.6091804487330614,0.7038061843646364,0.8062635403509109,0.7142857142857143,0.6075025154159059,0.7497055608969226,0.7971734543056281,0.7142857142857143,0.6265081436402126,0.7303202786434578,0.8524621437327029,0.7857142857142857,0.5497378249390323,0.6497072304081803,0.8076924990022659,0.7142857142857143,0.719657058524629,0.790886521539972,0.864180917247155,0.8928571428571429
Rem_Suprasl_2015_2102404.laz,0.4957179785200856,0.6512431101727841,0.7724294086792866,0.5217391304347826,0.6082196340324656,0.7345408482034297,0.7990004991985301,0.7391304347826086,0.5736121230269612,0.7826274341637955,0.702488166081982,0.4782608695652174,0.7203468237526672,0.7576384263980154,0.937776770017733,0.8260869565217391,0.615272769911752,0.7083714149585504,0.8221639010377859,0.7391304347826086,0.6955563816219964,0.7891647092628263,0.8739313451934876,0.782608695652174
Rem_Katrynka_2016_2101205.laz,0.5457157784073268,0.6744081681805137,0.8406335800672888,0.625,0.4381827161537053,0.7096631799278164,0.599804391537544,0.4375,0.5176388401230947,0.646530368217901,0.7351357536307567,0.5625,0.6146241608398038,0.7882099878088445,0.8877676953437855,0.6875,0.6967680072479135,0.8039220287626131,0.9198767655495728,0.8125,0.6883537933561674,0.7872336972327331,0.8746713083765328,0.8125
Rem_Gorlice_2015_7503903.laz,0.5219617052024784,0.656573574831952,0.9098655339768784,0.5882352941176471,0.6281706447727553,0.7084314017628536,0.8807654940776876,0.7352941176470589,0.4805946043772825,0.58795467234376,0.7794059699077344,0.5588235294117647,0.6342765940362287,0.6841268520291957,0.9309668960285492,0.8235294117647058,0.5713096267296436,0.6856216521097666,0.9298063461740222,0.7058823529411765,0.6645579959842096,0.7304752138796239,0.8995990052771815,0.7647058823529411
Rem_Gorlice_2015_6005403.laz,0.3911291684101093,0.6765190923295668,0.8872299652452557,0.5,0.4062712422818436,0.6150207871632972,0.5524080291116485,0.5,0.6893811540006511,0.8222420821631273,0.8721438529503788,0.8571428571428571,0.5087828161249668,0.6438341046856209,0.6930384200301588,0.6428571428571429,0.6673941212884518,0.8481737744860576,0.7795948900533586,0.6428571428571429,0.7937910034048102,0.868138633566728,0.8779469468302924,0.9285714285714286
Rem_Gorlice_2015_7404903.laz,0.4656671033016943,0.8206798400251459,0.659903368551426,0.4,0.695535707219391,0.8315138558962554,0.8387425980662193,0.8,0.6176385855272084,0.7347731661645572,0.9133835806308382,0.6,0.5075244566008303,0.7027264395314397,0.7454829093956173,0.4,0.7097355201127191,0.8452461327200431,0.7889683512683163,0.8,0.6392218567217631,0.8189102256254746,0.693748435941526,0.7
Rem_Katrynka_2016_3201005.laz,0.4683005509405201,0.6317938547915759,0.8608362077340498,0.46875,0.3889156246508984,0.706521310805172,0.5504971977984219,0.28125,0.53890353392541,0.7387223598720576,0.8058540156508789,0.625,0.5754612812507989,0.7285826092238811,0.8556635271050248,0.65625,0.7096514030747655,0.7970508325522925,0.948698976835907,0.84375,0.7235000209438587,0.810397036887082,0.978730044712778,0.8125
Rem_Suprasl_2015_4001004.laz,0.4732816741127659,0.6238769910144231,0.8277712356290144,0.5348837209302325,0.4183571769447976,0.6415120274799416,0.6860751504222095,0.4883720930232558,0.6155115487041861,0.7300765230835475,0.8450355206001989,0.6976744186046512,0.6364248222778114,0.7057188042129366,0.9197630198697888,0.7674418604651163,0.6137263775060898,0.7499022542771381,0.9149295055662604,0.7674418604651163,0.7503058939045435,0.7868618750626702,0.9521625414851664,0.8837209302325582
Rem_Gorlice_2015_7404103.laz,0.5339146995914568,0.7560043417834595,0.851890946462463,0.5789473684210527,0.5603895196367749,0.765919681555757,0.7418261536783558,0.6842105263157895,0.4571906591626704,0.6231414679191227,0.7653369716544822,0.5263157894736842,0.6083046919047543,0.7183496468633727,0.8708582459419182,0.7543859649122807,0.495169405645385,0.7257713086264406,0.8592227491871631,0.5964912280701754,0.5934275500511936,0.738286002606923,0.8202021713071057,0.7192982456140351
Rem_Piensk_2016_2101702.laz,0.577657761491784,0.7216994866282772,0.8196992693936688,0.7272727272727273,0.5354645572831251,0.6941106418909548,0.7178631794558609,0.6666666666666666,0.5829190221723285,0.7214667253380935,0.7398289941478334,0.696969696969697,0.6290695992729999,0.7367264689871167,0.8601944950250686,0.696969696969697,0.5866782120978912,0.7461441583943053,0.8616412289860949,0.7272727272727273,0.6257481373634506,0.7557959688116876,0.7727021162404395,0.7575757575757576
Rem_Katrynka_2016_5101105.laz,0.5195963387298379,0.6603004742272619,0.7461545193213873,0.5652173913043478,0.4341995510115038,0.771778727226458,0.5501136017814635,0.4565217391304347,0.5506095287657121,0.6840717936775028,0.7856298659839509,0.6304347826086957,0.6596414719989433,0.7392689636073008,0.8701333559424019,0.717391304347826,0.6741256140936995,0.7611907615390127,0.8829019216741074,0.7608695652173914,0.7252171436138389,0.7843166633793057,0.8885831951281998,0.8043478260869565
Rem_Gorlice_2015_6504403.laz,0.5214194377456306,0.7127951001219415,0.8337890406664326,0.6428571428571429,0.5373886482102873,0.6939626852209302,0.7480950033902952,0.6190476190476191,0.4303672832984427,0.6143723158051666,0.743744900678207,0.5,0.6103086486386401,0.704933774632375,0.8430946816642108,0.6904761904761905,0.4974709830614103,0.6765954477801269,0.8499307120535553,0.6428571428571429,0.6944774946145584,0.7503628120030672,0.8790420798363094,0.8333333333333334
Rem_Katrynka_2016_5601205.laz,0.5312547252497373,0.6622222038207917,0.7680216463610869,0.4705882352941176,0.4279728541565473,0.760153583487561,0.5399925680500753,0.3823529411764705,0.5813005566550121,0.735942114785599,0.7913397366360845,0.7058823529411765,0.6091168489447452,0.7772263809926802,0.7579337730860365,0.6764705882352942,0.7312197993184946,0.7850775111964261,0.8627386128220085,0.8529411764705882,0.7682211241527376,0.8332461310900898,0.907567259686226,0.8529411764705882
Rem_Katrynka_2016_4501505.laz,0.5456874231756814,0.7389704201225916,0.7518254568132444,0.5882352941176471,0.4371517559210259,0.8168991252104423,0.5198215777943527,0.392156862745098,0.4723808265972506,0.7075579187079231,0.7397044657864051,0.4901960784313725,0.6715239223564433,0.757462173998423,0.9288191287467874,0.9019607843137256,0.6468421771680468,0.7526201056751748,0.8643709939562018,0.803921568627451,0.6895465682688311,0.7757223277209608,0.8810480898894663,0.8235294117647058
Rem_Gorlice_2015_5904503.laz,0.588225551304009,0.6966167428423587,0.9043612580017362,0.6944444444444444,0.6166864245880456,0.7206962505591727,0.8192318591423889,0.8333333333333334,0.5201683743027758,0.6502197327302119,0.798129536020918,0.6944444444444444,0.5625937558920412,0.7241851227035525,0.8434293378420231,0.7222222222222222,0.4805256514504367,0.6194818417059094,0.7747381766284889,0.5555555555555556,0.6260751124216182,0.7117399711291291,0.8167741831440514,0.7222222222222222
Rem_Milicz_2015_3601901.laz,0.3158530002006851,0.6073612853933467,0.7631514282489802,0.3095238095238095,0.6198631348185623,0.8238625734485846,0.739540287005194,0.6904761904761905,0.2219496871989651,0.7811980843623413,0.7353735202724669,0.2619047619047619,0.2366644358542397,0.8579824157117678,0.578799621091805,0.2619047619047619,0.4583640405213195,0.7416307423962027,0.864892549189138,0.5714285714285714,0.5239911575423544,0.7720067514933401,0.7906195099448512,0.5714285714285714
Rem_Katrynka_2016_4001405.laz,0.493434959668271,0.6503855322952848,0.764182172321795,0.475,0.4518934719051335,0.8123687484025404,0.521545999358376,0.425,0.5868021543306521,0.6929126477171567,0.825025238353416,0.625,0.6155016721043067,0.6748666458467185,0.900894806213248,0.75,0.6447824285012068,0.726412500499097,0.8561424966711408,0.75,0.7320863422324002,0.7960693726223511,0.9245758367285034,0.85
Rem_Gorlice_2015_6105103.laz,0.3652455108973985,0.5977847920837835,0.7438520188872155,0.3478260869565217,0.6430767732615357,0.7837762875381481,0.8126491357715442,0.7391304347826086,0.5169469307350822,0.6440222641606634,0.8621874227043762,0.6521739130434783,0.5499007734531022,0.6853468189717296,0.8943311307309818,0.5652173913043478,0.4764136374722303,0.6823891465719778,0.858802058568944,0.4782608695652174,0.6730711859855971,0.735384605562048,0.870138686221504,0.782608695652174
Rem_Suprasl_2015_3601604.laz,0.4349453161518645,0.626845047545839,0.7695213157908114,0.4545454545454545,0.0,0.0,0.0,0.0,0.4716897108560655,0.6604268421712781,0.8129198675023734,0.5454545454545454,0.5939654745574593,0.6977972770124669,0.8916899397018406,0.7272727272727273,0.5555030244013851,0.717248571295493,0.8795380446468709,0.6909090909090909,0.6361888321442428,0.7264808252437233,0.9010598940826332,0.7454545454545455
Rem_Katrynka_2016_5401105.laz,0.3923761645251404,0.5887285745573024,0.7940333752127566,0.4285714285714285,0.5537753141824265,0.7415817650147439,0.6847817776544797,0.5714285714285714,0.316519266974929,0.5817395452909996,0.6350167174763327,0.2857142857142857,0.7165354053449695,0.7395328546514879,0.9607335701756862,0.8571428571428571,0.6793178027633765,0.7250059358579198,0.8683975604020275,0.8571428571428571,0.7176665347191137,0.7523593024481432,0.9364900005313764,1.0
Rem_Herby_2016_7904506.laz,0.5485571134571703,0.7112217625253568,0.7735278838440908,0.6666666666666666,0.6136379177726176,0.8353506085182545,0.7096960662008401,0.7575757575757576,0.5132362422267606,0.6915580684560946,0.7643186174921115,0.5833333333333334,0.5687871754239043,0.731251624842878,0.8392404741929815,0.6944444444444444,0.4393048726549015,0.6589414198978005,0.7541121699910003,0.5,0.5717084571504741,0.7509282972489323,0.794677896062068,0.6666666666666666
Rem_Gorlice_2015_8505103.laz,0.5439522428903834,0.6665036463397439,0.7843057763656973,0.6296296296296297,0.4955724693354673,0.6738559311054553,0.6887742492562025,0.5555555555555556,0.5482919904920153,0.646642336706943,0.7895635226269461,0.6666666666666666,0.5497336021976437,0.6941864715592171,0.8485156722630398,0.6666666666666666,0.5991665380693847,0.6356032465377501,0.816138469580838,0.7037037037037037,0.6917517067931072,0.7735592431437603,0.903757936469914,0.8148148148148148
Rem_Gorlice_2015_7305103.laz,0.4920266623233524,0.6689118880858572,0.887758652333249,0.5185185185185185,0.5644074182784465,0.7070645421888649,0.8234913342879859,0.6666666666666666,0.5097243692173516,0.6750841269742004,0.870913808577279,0.5925925925925926,0.4104413458315116,0.6095685891212498,0.8223724348391085,0.4444444444444444,0.4313466842513295,0.6472047522121489,0.733947360449302,0.5555555555555556,0.5312155774298776,0.7384650661301878,0.8358357003580975,0.6296296296296297
Rem_Herby_2017_4401506.laz,0.4855956579877319,0.6687303345951742,0.9174342537739087,0.5384615384615384,0.560555413104403,0.73230021427515,0.7190768196432886,0.6730769230769231,0.4380983413699156,0.7275868246770241,0.7674364829913805,0.5,0.4221105415409273,0.821591471943238,0.5556262827467818,0.4807692307692308,0.5359088490584576,0.689266322591028,0.8233915438388008,0.5961538461538461,0.6331283493271529,0.7367055414155852,0.8441086262927175,0.7115384615384616
Rem_Milicz_2015_3805501.laz,0.3348438867694892,0.7312250728873707,0.8410572864438274,0.4545454545454545,0.4080421133949858,0.7414805310672624,0.5883287466955065,0.4545454545454545,0.6022058735181691,0.6812380943275822,0.8583618110964973,0.8181818181818182,0.550425175375067,0.664763862880715,0.9019080815141354,0.7272727272727273,0.6135468120729027,0.7427625085040851,0.7497350481843035,0.6363636363636364,0.6733027841946148,0.8127527766488569,0.828098958712454,0.7272727272727273
Rem_Gorlice_2015_0601903.laz,0.403111539208936,0.5865441637570185,0.8805575848549938,0.4242424242424242,0.5963561970017212,0.701452611980015,0.7995628969365834,0.6666666666666666,0.5387625866956159,0.6863997115822869,0.8085624650750038,0.6060606060606061,0.6172466321813499,0.7202111126347116,0.837695631802576,0.696969696969697,0.4944437665542053,0.6615095998652993,0.8145223547360692,0.5454545454545454,0.5725531163654768,0.690702433160683,0.7390252819196865,0.6060606060606061
Rem_Gorlice_2015_6105603.laz,0.6717362093341462,0.7583749106907659,0.8852122233618632,0.875,0.47463847419354,0.677031944583168,0.7732984751073654,0.5,0.4543551424820146,0.7003757165788853,0.7766981183065077,0.5625,0.3862790480514976,0.648229657676128,0.8596963472615464,0.375,0.3386778271259008,0.573433125080448,0.6754592035329788,0.25,0.5503725724347077,0.7452048662313011,0.7067129692048097,0.625
Rem_Piensk_2016_1501902.laz,0.5226507309873193,0.6126314765252177,0.8125808935135082,0.6486486486486487,0.591475431464263,0.7243350632116182,0.7740866791114702,0.7297297297297297,0.3989419220938308,0.6084160010856012,0.713395434761486,0.4430379746835443,0.4851240769427548,0.7076181142566534,0.7620309277478414,0.6075949367088608,0.4636188444354279,0.6374626877340409,0.8396961606042959,0.4936708860759494,0.6434409861135237,0.7759363750246241,0.8411856654035346,0.7848101265822784
Rem_Gorlice_2015_0101703.laz,0.4577610774223998,0.6540946378481973,0.7824263292871309,0.4583333333333333,0.4993626498558656,0.6715897008484092,0.6958302011616758,0.5625,0.4641921896121102,0.6620749156052236,0.8003148715055516,0.5208333333333334,0.5738718314535632,0.674045414068099,0.8366586650658449,0.6041666666666666,0.5774934113154082,0.6654760296149693,0.8201679728768119,0.7083333333333334,0.6422073750173223,0.7375295084286762,0.8802264860014677,0.7083333333333334
Rem_Gorlice_2015_6805703.laz,0.4538629753653352,0.6224062573405633,0.7767668182768183,0.4347826086956521,0.5283953745867549,0.6524086871104308,0.7301383521978666,0.5652173913043478,0.5191036395740335,0.6566086466126256,0.8493072257910965,0.7391304347826086,0.5367301273712559,0.6961866896561998,0.7619756247366831,0.5652173913043478,0.5771335455720475,0.6871470990557221,0.8376931465867684,0.7391304347826086,0.6568222428510285,0.7405402559756046,0.8686890258910168,0.9130434782608696
Rem_Suprasl_2015_3501204.laz,0.4093657786217338,0.6121754048518725,0.6998645305517271,0.3666666666666666,0.4578597058360762,0.7038657254985945,0.6046745050905886,0.5,0.5689380253210853,0.7081072209597276,0.792824501208169,0.6333333333333333,0.5696725782292735,0.7088825239566804,0.8201819528119837,0.7,0.566255798469158,0.7230370268632172,0.7926870840569586,0.6666666666666666,0.6581005009467099,0.7676512921551845,0.8490277884841066,0.8
Rem_Milicz_2015_8300301.laz,0.4837483526883752,0.5957379479677991,0.8848641377771969,0.4444444444444444,0.4123684035817189,0.6995851115903313,0.5396977523256419,0.3333333333333333,0.6298097435314578,0.7567618848966475,0.8218446117283967,0.7777777777777778,0.6043071614302815,0.6422573792493709,0.8964629089078948,0.8888888888888888,0.6469744999361731,0.7453011782592818,0.8230132610736747,0.8888888888888888,0.5561950683932574,0.6881527706015902,0.7880779474497737,0.6666666666666666
Rem_Herby_2017_3203406.laz,0.4488694174573117,0.6139910906808567,0.7609307420172956,0.3846153846153846,0.5005931227145546,0.6622063376337921,0.7518102952394886,0.4807692307692308,0.3295660707366817,0.58183090676395,0.6684684913282077,0.3846153846153846,0.5529493118340296,0.6881440644341343,0.8313977264677749,0.6538461538461539,0.6111333386309221,0.7034314157568037,0.8354081246447366,0.7115384615384616,0.6294948729493329,0.7196395005572871,0.8644115329444526,0.7115384615384616
Rem_Gorlice_2015_7204703.laz,0.6142776469137916,0.6815436796593357,0.8392061733371041,0.7272727272727273,0.5990368731912707,0.6663438571128887,0.83602190770278,0.7272727272727273,0.4205581759559362,0.5611323356209711,0.6828682558515462,0.5454545454545454,0.5099300843645778,0.8509310062427679,0.6422889234948352,0.6363636363636364,0.4823813158311783,0.6665275539828756,0.7040021682484932,0.5454545454545454,0.5121775886291591,0.6963985035555555,0.7509121080021944,0.5454545454545454
Rem_Suprasl_2015_3400504.laz,0.4571335833874466,0.5832176276650026,0.7237306512756663,0.4428571428571428,0.4157777893674751,0.6220037117674341,0.6251888611040365,0.3714285714285714,0.4417951989258641,0.6089428505655244,0.7700236234609404,0.4428571428571428,0.5718488408887926,0.6612159398780146,0.8719907152861412,0.6142857142857143,0.4689232154219064,0.6503901280829305,0.8241003626086162,0.4857142857142857,0.6312018871109656,0.7302494123939169,0.8711124567787765,0.7
Rem_Katrynka_2016_0600405.laz,0.4715142416249229,0.5920600903984538,0.8075787016959062,0.4634146341463415,0.5085435801536794,0.8137833406408115,0.6120418825340577,0.5121951219512195,0.4993471707818624,0.6606309748601833,0.7246223445302561,0.5121951219512195,0.584888329786352,0.6749838898100204,0.8256347089027771,0.7073170731707317,0.4609420687321603,0.6279759474999244,0.7913478565772836,0.5365853658536586,0.5635292408128668,0.6713067244148665,0.797202732917282,0.5609756097560976
Rem_Milicz_2015_6900801.laz,0.3112223462418932,0.4652442486730239,0.8154286948804212,0.4545454545454545,0.4174201791299049,0.7620693635360478,0.454602480262998,0.3636363636363636,0.5818257055873478,0.7126456930039036,0.7906599252527913,0.6363636363636364,0.4160375988740715,0.6425857518814785,0.6508932315731994,0.4545454545454545,0.5723702288300511,0.8266511475807925,0.7208850341786558,0.5454545454545454,0.7093038293332825,0.7846875904149304,0.8131751321065871,0.9090909090909092
Rem_Gorlice_2015_2902903.laz,0.4665782604877082,0.6004081700659816,0.9379406913745968,0.5,0.6111913656767891,0.6554143236050731,0.8960968520673737,0.8333333333333334,0.5116451893940958,0.6396920369440954,0.9374312668302645,0.6666666666666666,0.3887146324811057,0.5171859898940597,0.8774594542497873,0.3333333333333333,0.3035248179335232,0.3839960485452652,0.543972790064281,0.1666666666666666,0.683496725464475,0.7356559510720097,0.8756177840195544,0.8333333333333334
Rem_Katrynka_2016_4601905.laz,0.4458838783698726,0.5799396860125984,0.7885564807216779,0.4857142857142857,0.4041196276490801,0.6082426361423724,0.6058897180205839,0.4,0.470027619979805,0.644906489050267,0.7279932632638513,0.5428571428571428,0.5879738856091121,0.661002544129512,0.8634591156439929,0.6285714285714286,0.4788257676049706,0.5978760653454273,0.7605519209625992,0.5428571428571428,0.6069310661959646,0.6959184489217353,0.8711065676774452,0.7142857142857143
Rem_Suprasl_2015_2801204.laz,0.4292737798655913,0.5854985522645376,0.7581805444015899,0.4333333333333333,0.3593048571188977,0.6701162795165382,0.5562196733608272,0.3333333333333333,0.548084982828487,0.6783572945297481,0.7640700601393214,0.6333333333333333,0.5506069471332411,0.6497532251463193,0.7856748164148349,0.5333333333333333,0.559637721793287,0.675077165638366,0.8371181041362473,0.7,0.6440269784707046,0.7073883172029084,0.8422277280571007,0.7666666666666667
Rem_Gorlice_2015_6304803.laz,0.5617202785031357,0.6888323373671154,0.8082025000388217,0.6170212765957447,0.4565839253847395,0.6589900434635234,0.6386487809893329,0.3829787234042553,0.3818925087481403,0.600298607928313,0.5676552202082893,0.425531914893617,0.4392542346509428,0.7239513576458275,0.629025578413031,0.4468085106382978,0.4707105512235713,0.6407382702106477,0.8201865041256636,0.5106382978723404,0.6679934251175536,0.7453325289402276,0.8818216997578298,0.7872340425531915
Rem_Milicz_2015_4504701.laz,0.4827853268840659,0.6293046384867709,0.8067334048875756,0.5625,0.4034404897992159,0.7117129193285652,0.585557338867418,0.3125,0.6051883928953625,0.6529639654648831,0.9156930424592415,0.75,0.482560460127927,0.577155815623191,0.8583123087503453,0.625,0.5065068122270404,0.6491350994527992,0.8469445122945475,0.5,0.5693293210246753,0.7423077987892706,0.7375857789712355,0.625
Rem_Katrynka_2016_3702205.laz,0.437326584381257,0.6220583907133398,0.6496461241113771,0.3260869565217391,0.3966056628646499,0.7908149127836616,0.4765645025043782,0.2608695652173913,0.4296747867770547,0.6336895215481081,0.5788253158476652,0.4565217391304347,0.5371243198515814,0.7068414132256848,0.7279558045488072,0.5869565217391305,0.5118500471049436,0.7024242342083165,0.7946686407994137,0.5,0.6418047909856898,0.7680920604606642,0.8072277456334761,0.7608695652173914
Rem_Suprasl_2015_3001704.laz,0.328889951883268,0.5064223260379971,0.6399744987582829,0.25,0.3777192686705204,0.5923832558254449,0.5295521717622992,0.2916666666666667,0.4014391183547086,0.7514660927485148,0.643764152424591,0.375,0.5086632326290329,0.6620712419934711,0.8344194744642324,0.5416666666666666,0.486250086759257,0.7105026444826387,0.8101933689733136,0.625,0.6398323509497187,0.7380197991854227,0.8605655668631702,0.7916666666666666
Rem_Suprasl_2015_2900904.laz,0.4223800869562834,0.6009863483771712,0.7004691333168743,0.4509803921568627,0.4594079482521277,0.7000840644478612,0.6087403991691054,0.4509803921568627,0.4278044766298187,0.6305952429547144,0.7377327161984704,0.4901960784313725,0.3964944492946899,0.6253525050188627,0.7151953118475917,0.4117647058823529,0.4972248626070207,0.6508119497677716,0.7748332154201805,0.5686274509803921,0.6113348484306137,0.7175398198514822,0.8168755341552375,0.7058823529411765
Rem_Suprasl_2015_3501704.laz,0.4680478960104863,0.5660112654869313,0.8225633728864568,0.4677419354838709,0.4673251105823046,0.6473964443005277,0.6630573705531178,0.4677419354838709,0.4473484418126754,0.5600944946211756,0.8077104782877809,0.4677419354838709,0.4660223329774539,0.5627525966300406,0.8293616426346543,0.4838709677419355,0.3431662048128034,0.5969150769944302,0.763653329460149,0.3064516129032258,0.5885307848155864,0.6447279039649115,0.8568557777557363,0.6129032258064516
Rem_Gorlice_2015_3203303.laz,0.3606992089194282,0.6423397923060057,0.6006691359327397,0.2926829268292683,0.3907892461196535,0.5810994373258562,0.6627431560294992,0.3414634146341463,0.4502044070936919,0.5869567794511845,0.7672758894683287,0.4634146341463415,0.4523756404196249,0.5972886194657722,0.7829182628656962,0.4634146341463415,0.5003158791140359,0.6810737312253535,0.8527082844180462,0.5609756097560976,0.5773148835556172,0.7332471373657397,0.8553580273412311,0.6585365853658537
Rem_Gorlice_2015_7405403.laz,0.4460581763256576,0.5549168379921047,0.7733126514327127,0.4705882352941176,0.4857754188075059,0.5848760615356232,0.752906482064424,0.5588235294117647,0.4713824061466842,0.6223272680686996,0.7347902125478715,0.6176470588235294,0.499625873262829,0.622577472973853,0.7896051288300789,0.5588235294117647,0.3411036203709481,0.5993773530705349,0.7316117942347785,0.3529411764705882,0.5032529567492269,0.6525186368955823,0.7231681370208225,0.5588235294117647
Rem_Gorlice_2015_8405203.laz,0.3954413710442569,0.5131743496954625,0.765116229543353,0.2857142857142857,0.4954138941917624,0.6166287476646135,0.7449563982983609,0.4285714285714285,0.4935153704849063,0.6170449318205118,0.7504497768115139,0.4761904761904761,0.4784404927431228,0.5584439904043861,0.7864515359757677,0.3809523809523809,0.4350086409247543,0.5614545211882483,0.8104797758000329,0.4523809523809524,0.542615859514019,0.6652872535240628,0.7671608914365675,0.5476190476190477
Rem_Milicz_2015_7700601.laz,0.4352286990209157,0.5411863809390832,0.7846106657841077,0.4117647058823529,0.543890968536554,0.8146458530561628,0.6267887775282126,0.5882352941176471,0.4674540027201854,0.6439398550398511,0.7927934879266038,0.4705882352941176,0.3669242759898542,0.5702511491636265,0.623394136577797,0.2941176470588235,0.4566987132855931,0.5976153174304396,0.6785858578970086,0.5294117647058824,0.5447687527870214,0.6653621020147928,0.7655014569396168,0.5882352941176471
Rem_Katrynka_2016_5201205.laz,0.3834217677243072,0.5813413451393094,0.647453398444027,0.3461538461538461,0.3911737691125877,0.6711020380862964,0.5149263051159385,0.3461538461538461,0.4540473381756099,0.6883368938476297,0.639149016230871,0.5555555555555556,0.503403860883109,0.7272194784830106,0.7065414292764151,0.5925925925925926,0.439951730370466,0.6525532389104906,0.6705496425851614,0.5185185185185185,0.5276071821437514,0.6892647020341813,0.6998888696907125,0.5925925925925926
Rem_Katrynka_2016_3201705.laz,0.3388060179713497,0.5283978792750835,0.7120817604896122,0.2758620689655172,0.3324587294491652,0.6424930377043374,0.4609693303803855,0.2413793103448276,0.4085264822837295,0.6572634534545831,0.642179595020569,0.3666666666666666,0.4585413898280422,0.6456255498767005,0.7987001418032866,0.4,0.4339270224884886,0.6835773737927787,0.6784999025460512,0.4666666666666667,0.6148195909638319,0.7810648595101846,0.8078945765627478,0.6666666666666666
Rem_Katrynka_2016_3101005.laz,0.4366702777025355,0.6557190881210128,0.8201959540783674,0.5,0.3455654535538616,0.5746481913346132,0.4661729477711886,0.1666666666666666,0.5240968948956998,0.6292783793804367,0.6979272935338509,0.5,0.5876655611462973,0.6408728306785362,0.7630420358490267,0.8333333333333334,0.4148551514934862,0.5348060486550472,0.7266749181593001,0.5,0.3596092187510708,0.4979166802325879,0.5369814471574027,0.1666666666666666
Rem_Gorlice_2015_7304103.laz,0.3675805629131234,0.5598940721906179,0.8398951001752731,0.4411764705882353,0.4830617921209175,0.6289843358730449,0.7345538229657141,0.5294117647058824,0.4469960846728576,0.5627480870898246,0.7749931185377962,0.4411764705882353,0.3824242417196816,0.5003853206858594,0.7730443802302005,0.2058823529411764,0.2541628754730939,0.462347408931669,0.7592934159570851,0.2058823529411764,0.3861381166651825,0.5432603297625151,0.6972972208056541,0.4117647058823529
Rem_Suprasl_2015_4201404.laz,0.3863687596308001,0.5239975450475157,0.7021248868569775,0.3461538461538461,0.3801499830354601,0.5801494960534003,0.5934000270073574,0.2692307692307692,0.3920460480498117,0.4968016376665971,0.7525542895477899,0.2641509433962264,0.4787036713238382,0.5654475056227009,0.8407201307662413,0.4716981132075472,0.3146225118528161,0.5256980471266659,0.6881620736800881,0.2264150943396226,0.5243138563980273,0.6436137243912836,0.7995110649884181,0.5660377358490566
Rem_Katrynka_2016_3101605.laz,0.2802860313300187,0.5229265791589194,0.6086869576332705,0.35,0.2855753673689,0.7523306507277222,0.3339824986259735,0.15,0.4144681610437583,0.5949063848542371,0.5899536978947223,0.35,0.4488231124203433,0.6733398241372162,0.6090231387117537,0.45,0.5051230328410845,0.7412105336322157,0.6163749004456509,0.6,0.6395228275823192,0.7666528493698508,0.737301661771224,0.8
Rem_Milicz_2015_4903501.laz,0.3232964353105072,0.493465940718274,0.6831737373301475,0.1142857142857142,0.3875434856436459,0.5935261747290891,0.6008863425894022,0.3428571428571428,0.4401012887588182,0.590121082301046,0.754497792112196,0.3428571428571428,0.4044024139118489,0.5302024578998499,0.7789671241378352,0.3428571428571428,0.3539539269871412,0.5791622471611885,0.7164368795834629,0.3714285714285714,0.4922897675141319,0.6799324953763485,0.7559228285790119,0.5428571428571428
Rem_Milicz_2015_4703801.laz,0.4064544393347526,0.5314610808720666,0.7619701891842524,0.2941176470588235,0.3435067991807545,0.5967080573048443,0.5665228103892124,0.2058823529411764,0.4765259706709168,0.6290239489271233,0.7467961133341179,0.4705882352941176,0.425582218023168,0.4963702868839037,0.8090994276119826,0.3823529411764705,0.2404154346570101,0.5789220523816261,0.6315393303648799,0.1470588235294117,0.4818824201427289,0.6248138951970925,0.7519143744937894,0.4411764705882353
Rem_Milicz_2015_4001301.laz,0.3926159862478774,0.5075904986506811,0.7860716733619074,0.303030303030303,0.4355504473166219,0.5742661167521472,0.7329192971937234,0.3939393939393939,0.4487898908480649,0.5724672841421873,0.7341894703530201,0.4242424242424242,0.3792480342173653,0.4811740658415269,0.7439794833991116,0.2727272727272727,0.3339438227911257,0.4129230810424442,0.7006385304685965,0.2121212121212121,0.4036582951823858,0.5063686875282425,0.7082323286338906,0.3636363636363636
Rem_Suprasl_2015_4300804.laz,0.21938188902008,0.3691809132417343,0.565951341286268,0.0,0.3084029623459949,0.4876005580102545,0.5636356602074089,0.1538461538461538,0.3773550490410882,0.5958320280233039,0.6066827217581525,0.3571428571428571,0.3570994504443804,0.4794381879221948,0.7219922317982351,0.2857142857142857,0.2615568865845666,0.3853848544016491,0.516987583578837,0.2142857142857142,0.3248151972176182,0.500130179607297,0.6097576333299874,0.2857142857142857
Rem_Suprasl_2015_3602204.laz,0.2117482802476046,0.4635777769582603,0.7037255630111541,0.1265822784810126,0.2870233281567416,0.5976519646842181,0.5439506398349856,0.1265822784810126,0.3222417977395272,0.4509914536044596,0.7566948366222978,0.2625,0.3747132319778172,0.5080928047074169,0.7643426108016139,0.25,0.2898869689650049,0.500622737544947,0.7424881702282505,0.2,0.4199676410838121,0.5604788508295298,0.748366726093075,0.4
